ticker,net_income,equity,ebit,capital_employed,revenue,revenue_3y_ago,profit_3y_ago,total_debt,interest_expense,cfo,capex,total_assets,roe,roce,net_margin,operating_margin,revenue_cagr,profit_cagr,debt_to_equity,interest_coverage,ocf_ratio,fcf,fcf_margin,asset_turnover,final_score,score_roe,score_roce,score_operating_margin,score_revenue_cagr,score_profit_cagr,score_asset_turnover,score_debt_to_equity,score_fcf_margin,llm_prompt
ITC,347466300000.0,700300500000.0,269720000000.0,737565700000.0,746533200000.0,600813600000.0,152426600000.0,2848400000.0,450600000.0,176270400000.0,22787000000.0,880906800000.0,0.4961674309814144,0.3656894565460405,0.4654398491587514,0.3612967246466734,0.0750692927148013,0.3160851104333519,0.00406739678181,598.5796715490458,0.5073021469995795,153483400000.0,0.2055948750839212,0.8474599128988447,9.526666666666666,1.9733333333333332,1.38,0.8266666666666667,0.4599999999999999,1.84,0.3066666666666666,1.38,1.36,"You are a top-tier equity research analyst for the Indian Stock Market.

**Task**: Write a concise, high-impact investment thesis for **ITC** (Rank #2 in our Top 50 Fundamental Model).

**Quantitative Profile**:
- **Profitability**: ROE: 49.6%, ROCE: 36.6%
- **Growth (3Y CAGR)**: Sales: 7.5%, Profit: 31.6%
- **Financial Health**: Debt/Equity: 0.00
- **Cash Flow**: FCF Margin: 20.6%

**Instructions**:
1. **Headline**: Start with a catchy 1-sentence hook about why this company is a winner.
2. **Analysis**: Briefly synthesis the metrics. Is it a ""Growth Machine"" (high CAGR) or a ""Cash Cow"" (high ROCE/FCF)?
3. **Verdict**: Justify its inclusion in the Top 50.

**Output Format**: 
Plain text, max 3-4 sentences. Professional tone."
TCS,485530000000.0,947560000000.0,661270000000.0,1066280000000.0,2553240000000.0,1917540000000.0,383270000000.0,93920000000.0,7960000000.0,489080000000.0,39370000000.0,1596290000000.0,0.5124002701675884,0.6201654349701767,0.1901623035828986,0.2589924958092462,0.1001428211494679,0.082024466052522,0.0991177339693528,83.07412060301507,1.0073115976355735,449710000000.0,0.176133070138334,1.599483803068365,9.16,2.0,1.5,0.72,0.6000000000000001,1.52,0.46,1.06,1.3,"You are a top-tier equity research analyst for the Indian Stock Market.

**Task**: Write a concise, high-impact investment thesis for **TCS** (Rank #3 in our Top 50 Fundamental Model).

**Quantitative Profile**:
- **Profitability**: ROE: 51.2%, ROCE: 62.0%
- **Growth (3Y CAGR)**: Sales: 10.0%, Profit: 8.2%
- **Financial Health**: Debt/Equity: 0.10
- **Cash Flow**: FCF Margin: 17.6%

**Instructions**:
1. **Headline**: Start with a catchy 1-sentence hook about why this company is a winner.
2. **Analysis**: Briefly synthesis the metrics. Is it a ""Growth Machine"" (high CAGR) or a ""Cash Cow"" (high ROCE/FCF)?
3. **Verdict**: Justify its inclusion in the Top 50.

**Output Format**: 
Plain text, max 3-4 sentences. Professional tone."
ADANIPOWER,129387700000.0,563470900000.0,194321200000.0,964765800000.0,561318200000.0,276549000000.0,49115800000.0,393562900000.0,30726100000.0,215011100000.0,115590400000.0,1129175700000.0,0.2296262326945366,0.2014180021721333,0.2305068675841973,0.346187242815216,0.2661320737017909,0.381096178432839,0.6984618016653567,6.324304093262732,1.6617584206226712,99420700000.0,0.1771200363715268,0.4971043921685527,8.793333333333333,1.68,1.14,0.8,1.24,1.8666666666666667,0.2066666666666666,0.54,1.32,"You are a top-tier equity research analyst for the Indian Stock Market.

**Task**: Write a concise, high-impact investment thesis for **ADANIPOWER** (Rank #4 in our Top 50 Fundamental Model).

**Quantitative Profile**:
- **Profitability**: ROE: 23.0%, ROCE: 20.1%
- **Growth (3Y CAGR)**: Sales: 26.6%, Profit: 38.1%
- **Financial Health**: Debt/Equity: 0.70
- **Cash Flow**: FCF Margin: 17.7%

**Instructions**:
1. **Headline**: Start with a catchy 1-sentence hook about why this company is a winner.
2. **Analysis**: Briefly synthesis the metrics. Is it a ""Growth Machine"" (high CAGR) or a ""Cash Cow"" (high ROCE/FCF)?
3. **Verdict**: Justify its inclusion in the Top 50.

**Output Format**: 
Plain text, max 3-4 sentences. Professional tone."
INFY,3158000000.0,11205000000.0,4496000000.0,12407000000.0,19277000000.0,16311000000.0,2963000000.0,962000000.0,49000000.0,4351000000.0,263000000.0,17419000000.0,0.2818384649709951,0.3623760780204723,0.1638221714997146,0.2332313119261296,0.0572709184170099,0.0214728425629529,0.0858545292280232,91.75510204081633,1.3777707409753008,4088000000.0,0.2120661928723349,1.1066651357712842,8.653333333333334,1.8666666666666667,1.36,0.7066666666666667,0.42,1.413333333333333,0.4066666666666667,1.1,1.38,"You are a top-tier equity research analyst for the Indian Stock Market.

**Task**: Write a concise, high-impact investment thesis for **INFY** (Rank #5 in our Top 50 Fundamental Model).

**Quantitative Profile**:
- **Profitability**: ROE: 28.2%, ROCE: 36.2%
- **Growth (3Y CAGR)**: Sales: 5.7%, Profit: 2.1%
- **Financial Health**: Debt/Equity: 0.09
- **Cash Flow**: FCF Margin: 21.2%

**Instructions**:
1. **Headline**: Start with a catchy 1-sentence hook about why this company is a winner.
2. **Analysis**: Briefly synthesis the metrics. Is it a ""Growth Machine"" (high CAGR) or a ""Cash Cow"" (high ROCE/FCF)?
3. **Verdict**: Justify its inclusion in the Top 50.

**Output Format**: 
Plain text, max 3-4 sentences. Professional tone."
ABB,18716400000.0,70754000000.0,25286600000.0,71173700000.0,120876700000.0,68640200000.0,5197100000.0,518800000.0,154000000.0,13318000000.0,2139500000.0,123913300000.0,0.2645278005483789,0.3552801104902513,0.1548387737256228,0.2091933350265187,0.2075951262611677,,0.0073324476354693,164.1987012987013,0.7115684640208587,11178500000.0,0.0924785339110018,0.9754941559945542,8.299999999999999,1.84,1.32,0.6533333333333333,1.02,0.6,0.3666666666666666,1.34,1.16,"You are a top-tier equity research analyst for the Indian Stock Market.

**Task**: Write a concise, high-impact investment thesis for **ABB** (Rank #6 in our Top 50 Fundamental Model).

**Quantitative Profile**:
- **Profitability**: ROE: 26.5%, ROCE: 35.5%
- **Growth (3Y CAGR)**: Sales: 20.8%, Profit: N/A
- **Financial Health**: Debt/Equity: 0.01
- **Cash Flow**: FCF Margin: 9.2%

**Instructions**:
1. **Headline**: Start with a catchy 1-sentence hook about why this company is a winner.
2. **Analysis**: Briefly synthesis the metrics. Is it a ""Growth Machine"" (high CAGR) or a ""Cash Cow"" (high ROCE/FCF)?
3. **Verdict**: Justify its inclusion in the Top 50.

**Output Format**: 
Plain text, max 3-4 sentences. Professional tone."
ACCELYA,1290159000.0,2776759000.0,1780290000.0,3429080000.0,5284914000.0,3683981000.0,761877000.0,620263000.0,34219000.0,1445631000.0,192527000.0,4493375000.0,0.4646276468357534,0.5191742391545254,0.2441210963887018,0.3368626244438414,0.1278210105854778,,0.2233766056038712,52.02635962476987,1.1205060771579316,1253104000.0,0.2371096294092959,1.1761568976548809,8.253333333333332,1.9466666666666668,1.48,0.7733333333333333,0.76,0.6,0.4133333333333333,0.88,1.4,"You are a top-tier equity research analyst for the Indian Stock Market.

**Task**: Write a concise, high-impact investment thesis for **ACCELYA** (Rank #7 in our Top 50 Fundamental Model).

**Quantitative Profile**:
- **Profitability**: ROE: 46.5%, ROCE: 51.9%
- **Growth (3Y CAGR)**: Sales: 12.8%, Profit: N/A
- **Financial Health**: Debt/Equity: 0.22
- **Cash Flow**: FCF Margin: 23.7%

**Instructions**:
1. **Headline**: Start with a catchy 1-sentence hook about why this company is a winner.
2. **Analysis**: Briefly synthesis the metrics. Is it a ""Growth Machine"" (high CAGR) or a ""Cash Cow"" (high ROCE/FCF)?
3. **Verdict**: Justify its inclusion in the Top 50.

**Output Format**: 
Plain text, max 3-4 sentences. Professional tone."
ADANIPORTS,110923100000.0,624353900000.0,157163000000.0,1143462400000.0,304753300000.0,169790800000.0,48860300000.0,513048200000.0,26866800000.0,172262800000.0,80489200000.0,1353322300000.0,0.1776606184409195,0.1374448342157993,0.3639766985295975,0.5157056543768352,0.2152848599466101,0.3142821909647357,0.8217265880776912,5.849710423273334,1.5529930194882762,91773600000.0,0.301140627517405,0.2251890033881803,8.22,1.5733333333333333,0.8600000000000001,0.8933333333333333,1.14,1.8133333333333328,0.1,0.4000000000000001,1.44,"You are a top-tier equity research analyst for the Indian Stock Market.

**Task**: Write a concise, high-impact investment thesis for **ADANIPORTS** (Rank #8 in our Top 50 Fundamental Model).

**Quantitative Profile**:
- **Profitability**: ROE: 17.8%, ROCE: 13.7%
- **Growth (3Y CAGR)**: Sales: 21.5%, Profit: 31.4%
- **Financial Health**: Debt/Equity: 0.82
- **Cash Flow**: FCF Margin: 30.1%

**Instructions**:
1. **Headline**: Start with a catchy 1-sentence hook about why this company is a winner.
2. **Analysis**: Briefly synthesis the metrics. Is it a ""Growth Machine"" (high CAGR) or a ""Cash Cow"" (high ROCE/FCF)?
3. **Verdict**: Justify its inclusion in the Top 50.

**Output Format**: 
Plain text, max 3-4 sentences. Professional tone."
ACE,4092186000.0,16147255000.0,5777722000.0,16293381000.0,33245835000.0,16295800000.0,1050200000.0,164367000.0,286524000.0,4119842000.0,2209976000.0,27108470000.0,0.2534292051497298,0.3546054683186995,0.1230886816348574,0.1737878444021634,0.2682956991704406,,0.0101792533777412,20.16487973084279,1.0067582460816786,1909866000.0,0.0574467749118047,1.2264002726823018,8.193333333333333,1.76,1.3,0.5333333333333333,1.26,0.6,0.42,1.26,1.06,"You are a top-tier equity research analyst for the Indian Stock Market.

**Task**: Write a concise, high-impact investment thesis for **ACE** (Rank #9 in our Top 50 Fundamental Model).

**Quantitative Profile**:
- **Profitability**: ROE: 25.3%, ROCE: 35.5%
- **Growth (3Y CAGR)**: Sales: 26.8%, Profit: N/A
- **Financial Health**: Debt/Equity: 0.01
- **Cash Flow**: FCF Margin: 5.7%

**Instructions**:
1. **Headline**: Start with a catchy 1-sentence hook about why this company is a winner.
2. **Analysis**: Briefly synthesis the metrics. Is it a ""Growth Machine"" (high CAGR) or a ""Cash Cow"" (high ROCE/FCF)?
3. **Verdict**: Justify its inclusion in the Top 50.

**Output Format**: 
Plain text, max 3-4 sentences. Professional tone."
AARON,82432000.0,430297000.0,130860000.0,631350000.0,778664000.0,377292000.0,37092000.0,318567000.0,12224000.0,86325000.0,79889000.0,828242000.0,0.1915700086219518,0.2072701354240912,0.1058633762444392,0.1680570823872684,0.2731830062377873,0.3049840250620275,0.7403421357806352,10.705170157068062,1.0472268051242235,6436000.0,0.0082654392652029,0.940140683520034,8.086666666666668,1.6266666666666667,1.2000000000000002,0.5066666666666667,1.28,1.76,0.3533333333333333,0.4799999999999999,0.88,"You are a top-tier equity research analyst for the Indian Stock Market.

**Task**: Write a concise, high-impact investment thesis for **AARON** (Rank #10 in our Top 50 Fundamental Model).

**Quantitative Profile**:
- **Profitability**: ROE: 19.2%, ROCE: 20.7%
- **Growth (3Y CAGR)**: Sales: 27.3%, Profit: 30.5%
- **Financial Health**: Debt/Equity: 0.74
- **Cash Flow**: FCF Margin: 0.8%

**Instructions**:
1. **Headline**: Start with a catchy 1-sentence hook about why this company is a winner.
2. **Analysis**: Briefly synthesis the metrics. Is it a ""Growth Machine"" (high CAGR) or a ""Cash Cow"" (high ROCE/FCF)?
3. **Verdict**: Justify its inclusion in the Top 50.

**Output Format**: 
Plain text, max 3-4 sentences. Professional tone."
ABBOTINDIA,14144400000.0,42331500000.0,18983800000.0,45101200000.0,64069700000.0,49103000000.0,7987000000.0,1966700000.0,114300000.0,10118400000.0,526000000.0,59173100000.0,0.3341341554161794,0.4209156297393417,0.2207658222217366,0.2962991866670204,0.0927350863398008,,0.0464594923402194,166.08748906386705,0.7153643844913888,9592400000.0,0.1497181975255073,1.0827504389663547,8.046666666666667,1.92,1.46,0.7466666666666667,0.54,0.6,0.4,1.14,1.24,"You are a top-tier equity research analyst for the Indian Stock Market.

**Task**: Write a concise, high-impact investment thesis for **ABBOTINDIA** (Rank #11 in our Top 50 Fundamental Model).

**Quantitative Profile**:
- **Profitability**: ROE: 33.4%, ROCE: 42.1%
- **Growth (3Y CAGR)**: Sales: 9.3%, Profit: N/A
- **Financial Health**: Debt/Equity: 0.05
- **Cash Flow**: FCF Margin: 15.0%

**Instructions**:
1. **Headline**: Start with a catchy 1-sentence hook about why this company is a winner.
2. **Analysis**: Briefly synthesis the metrics. Is it a ""Growth Machine"" (high CAGR) or a ""Cash Cow"" (high ROCE/FCF)?
3. **Verdict**: Justify its inclusion in the Top 50.

**Output Format**: 
Plain text, max 3-4 sentences. Professional tone."
ADVANCE,256380000.0,1008730000.0,420500000.0,1165160000.0,5019190000.0,2507460000.0,89890000.0,804520000.0,68500000.0,57130000.0,336060000.0,3514720000.0,0.2541611729600587,0.3608946410793367,0.0510799551322026,0.0837784582771323,0.2602785389271733,0.4181568082588986,0.7975573245566207,6.138686131386861,0.2228332943287307,-278930000.0,-0.0555727119316065,1.4280483224837257,8.006666666666666,1.7866666666666666,1.34,0.3733333333333333,1.18,1.92,0.4466666666666666,0.42,0.54,"You are a top-tier equity research analyst for the Indian Stock Market.

**Task**: Write a concise, high-impact investment thesis for **ADVANCE** (Rank #12 in our Top 50 Fundamental Model).

**Quantitative Profile**:
- **Profitability**: ROE: 25.4%, ROCE: 36.1%
- **Growth (3Y CAGR)**: Sales: 26.0%, Profit: 41.8%
- **Financial Health**: Debt/Equity: 0.80
- **Cash Flow**: FCF Margin: -5.6%

**Instructions**:
1. **Headline**: Start with a catchy 1-sentence hook about why this company is a winner.
2. **Analysis**: Briefly synthesis the metrics. Is it a ""Growth Machine"" (high CAGR) or a ""Cash Cow"" (high ROCE/FCF)?
3. **Verdict**: Justify its inclusion in the Top 50.

**Output Format**: 
Plain text, max 3-4 sentences. Professional tone."
ABSLAMC,9306000000.0,37268700000.0,12502000000.0,38563800000.0,16847800000.0,12929616000.0,6727718000.0,680600000.0,56600000.0,7084800000.0,312800000.0,41144300000.0,0.2497001505284595,0.3241900435123094,0.5523569842946854,0.7420553425373045,0.0922427998974746,,0.0182619731839318,220.8833922261484,0.7613152804642166,6772000000.0,0.4019515901185911,0.4094807786254718,7.953333333333333,1.7333333333333334,1.28,0.9466666666666668,0.52,0.6,0.1533333333333333,1.24,1.48,"You are a top-tier equity research analyst for the Indian Stock Market.

**Task**: Write a concise, high-impact investment thesis for **ABSLAMC** (Rank #13 in our Top 50 Fundamental Model).

**Quantitative Profile**:
- **Profitability**: ROE: 25.0%, ROCE: 32.4%
- **Growth (3Y CAGR)**: Sales: 9.2%, Profit: N/A
- **Financial Health**: Debt/Equity: 0.02
- **Cash Flow**: FCF Margin: 40.2%

**Instructions**:
1. **Headline**: Start with a catchy 1-sentence hook about why this company is a winner.
2. **Analysis**: Briefly synthesis the metrics. Is it a ""Growth Machine"" (high CAGR) or a ""Cash Cow"" (high ROCE/FCF)?
3. **Verdict**: Justify its inclusion in the Top 50.

**Output Format**: 
Plain text, max 3-4 sentences. Professional tone."
AEROFLEX,525076000.0,3424162000.0,702845000.0,3443075000.0,3665869000.0,2329870000.0,275060000.0,5835000.0,3364000.0,265839000.0,1034628000.0,4265511000.0,0.1533443803184545,0.2041329334969467,0.1432337052960703,0.1917267092741175,0.1630947194957477,0.2405042118700497,0.0017040665716166,208.9313317479192,0.5062867089716536,-768789000.0,-0.209715349893845,0.8594208290636222,7.953333333333333,1.52,1.18,0.6133333333333333,0.8400000000000001,1.68,0.32,1.4,0.4,"You are a top-tier equity research analyst for the Indian Stock Market.

**Task**: Write a concise, high-impact investment thesis for **AEROFLEX** (Rank #14 in our Top 50 Fundamental Model).

**Quantitative Profile**:
- **Profitability**: ROE: 15.3%, ROCE: 20.4%
- **Growth (3Y CAGR)**: Sales: 16.3%, Profit: 24.1%
- **Financial Health**: Debt/Equity: 0.00
- **Cash Flow**: FCF Margin: -21.0%

**Instructions**:
1. **Headline**: Start with a catchy 1-sentence hook about why this company is a winner.
2. **Analysis**: Briefly synthesis the metrics. Is it a ""Growth Machine"" (high CAGR) or a ""Cash Cow"" (high ROCE/FCF)?
3. **Verdict**: Justify its inclusion in the Top 50.

**Output Format**: 
Plain text, max 3-4 sentences. Professional tone."
ADOR,600500000.0,5070900000.0,911200000.0,5204100000.0,11178700000.0,6570000000.0,450200000.0,24100000.0,45400000.0,1371100000.0,412700000.0,6939300000.0,0.1184207931530891,0.1750927153590438,0.0537182319947757,0.0815121615214649,0.1938285954905763,0.1007850103090599,0.0047526080183004,20.0704845814978,2.2832639467110742,958400000.0,0.0857344771753424,1.6109261741097805,7.906666666666666,1.0666666666666669,1.04,0.3466666666666667,0.94,1.5466666666666666,0.4666666666666667,1.36,1.14,"You are a top-tier equity research analyst for the Indian Stock Market.

**Task**: Write a concise, high-impact investment thesis for **ADOR** (Rank #15 in our Top 50 Fundamental Model).

**Quantitative Profile**:
- **Profitability**: ROE: 11.8%, ROCE: 17.5%
- **Growth (3Y CAGR)**: Sales: 19.4%, Profit: 10.1%
- **Financial Health**: Debt/Equity: 0.00
- **Cash Flow**: FCF Margin: 8.6%

**Instructions**:
1. **Headline**: Start with a catchy 1-sentence hook about why this company is a winner.
2. **Analysis**: Briefly synthesis the metrics. Is it a ""Growth Machine"" (high CAGR) or a ""Cash Cow"" (high ROCE/FCF)?
3. **Verdict**: Justify its inclusion in the Top 50.

**Output Format**: 
Plain text, max 3-4 sentences. Professional tone."
ACUTAAS,1587136000.0,13096287000.0,2223814000.0,13470137000.0,9999668000.0,5201350000.0,719461000.0,129387000.0,62184000.0,1183427000.0,1946429000.0,15492611000.0,0.1211897692834618,0.1650921590478255,0.1587188694664663,0.2223887833076058,0.24343522875896,0.3017741057713399,0.0098796704745398,35.76183584201724,0.7456367948304368,-763002000.0,-0.0763027332507439,0.645447562066846,7.706666666666667,1.12,0.98,0.6933333333333334,1.16,1.7333333333333334,0.24,1.2799999999999998,0.5,"You are a top-tier equity research analyst for the Indian Stock Market.

**Task**: Write a concise, high-impact investment thesis for **ACUTAAS** (Rank #16 in our Top 50 Fundamental Model).

**Quantitative Profile**:
- **Profitability**: ROE: 12.1%, ROCE: 16.5%
- **Growth (3Y CAGR)**: Sales: 24.3%, Profit: 30.2%
- **Financial Health**: Debt/Equity: 0.01
- **Cash Flow**: FCF Margin: -7.6%

**Instructions**:
1. **Headline**: Start with a catchy 1-sentence hook about why this company is a winner.
2. **Analysis**: Briefly synthesis the metrics. Is it a ""Growth Machine"" (high CAGR) or a ""Cash Cow"" (high ROCE/FCF)?
3. **Verdict**: Justify its inclusion in the Top 50.

**Output Format**: 
Plain text, max 3-4 sentences. Professional tone."
3MINDIA,4760674000.0,18464969000.0,7842089000.0,19716359000.0,44428602000.0,33339389000.0,2719711000.0,995353000.0,108023000.0,3551044000.0,554202000.0,30145917000.0,0.2578219329802286,0.3977452936416911,0.1071533603510639,0.1765099203436561,0.1004449890136458,,0.0539049375062584,72.59647482480582,0.7459120284228662,2996842000.0,0.067452988955178,1.4737850568619293,7.686666666666666,1.8133333333333328,1.42,0.56,0.62,0.6,0.4533333333333333,1.12,1.1,"You are a top-tier equity research analyst for the Indian Stock Market.

**Task**: Write a concise, high-impact investment thesis for **3MINDIA** (Rank #17 in our Top 50 Fundamental Model).

**Quantitative Profile**:
- **Profitability**: ROE: 25.8%, ROCE: 39.8%
- **Growth (3Y CAGR)**: Sales: 10.0%, Profit: N/A
- **Financial Health**: Debt/Equity: 0.05
- **Cash Flow**: FCF Margin: 6.7%

**Instructions**:
1. **Headline**: Start with a catchy 1-sentence hook about why this company is a winner.
2. **Analysis**: Briefly synthesis the metrics. Is it a ""Growth Machine"" (high CAGR) or a ""Cash Cow"" (high ROCE/FCF)?
3. **Verdict**: Justify its inclusion in the Top 50.

**Output Format**: 
Plain text, max 3-4 sentences. Professional tone."
AARTIPHARM,2724048000.0,19899064000.0,3875859000.0,22493556000.0,20860021000.0,11920336000.0,1222511000.0,4208179000.0,268964000.0,3315615000.0,4438784000.0,29064051000.0,0.1368932729700251,0.1723097495122603,0.1305870209814266,0.1858032165931185,0.2050602138667325,0.3061327731559424,0.2114762282286242,14.410326289020093,1.2171646755123258,-1123169000.0,-0.053843138508825,0.7177258600323816,7.453333333333333,1.28,1.02,0.6,0.98,1.7866666666666666,0.2666666666666666,0.94,0.58,"You are a top-tier equity research analyst for the Indian Stock Market.

**Task**: Write a concise, high-impact investment thesis for **AARTIPHARM** (Rank #18 in our Top 50 Fundamental Model).

**Quantitative Profile**:
- **Profitability**: ROE: 13.7%, ROCE: 17.2%
- **Growth (3Y CAGR)**: Sales: 20.5%, Profit: 30.6%
- **Financial Health**: Debt/Equity: 0.21
- **Cash Flow**: FCF Margin: -5.4%

**Instructions**:
1. **Headline**: Start with a catchy 1-sentence hook about why this company is a winner.
2. **Analysis**: Briefly synthesis the metrics. Is it a ""Growth Machine"" (high CAGR) or a ""Cash Cow"" (high ROCE/FCF)?
3. **Verdict**: Justify its inclusion in the Top 50.

**Output Format**: 
Plain text, max 3-4 sentences. Professional tone."
AFFLE,3818690000.0,29464570000.0,4769740000.0,29931330000.0,22654990000.0,10816560000.0,2138780000.0,820950000.0,93370000.0,4259910000.0,1599020000.0,36217700000.0,0.1296027737720251,0.1593560994449628,0.1685584500368351,0.2105381639983067,0.2794546697190707,,0.0278622766257915,51.084288315304704,1.115542240925553,2660890000.0,0.1174527113011305,0.6255226035888529,7.319999999999999,1.2266666666666666,0.92,0.6666666666666666,1.3,0.6,0.2266666666666666,1.18,1.2000000000000002,"You are a top-tier equity research analyst for the Indian Stock Market.

**Task**: Write a concise, high-impact investment thesis for **AFFLE** (Rank #19 in our Top 50 Fundamental Model).

**Quantitative Profile**:
- **Profitability**: ROE: 13.0%, ROCE: 15.9%
- **Growth (3Y CAGR)**: Sales: 27.9%, Profit: N/A
- **Financial Health**: Debt/Equity: 0.03
- **Cash Flow**: FCF Margin: 11.7%

**Instructions**:
1. **Headline**: Start with a catchy 1-sentence hook about why this company is a winner.
2. **Analysis**: Briefly synthesis the metrics. Is it a ""Growth Machine"" (high CAGR) or a ""Cash Cow"" (high ROCE/FCF)?
3. **Verdict**: Justify its inclusion in the Top 50.

**Output Format**: 
Plain text, max 3-4 sentences. Professional tone."
ADFFOODS,692557000.0,4926606000.0,941768000.0,5589221000.0,5580117000.0,4057961000.0,480981000.0,592336000.0,25761000.0,374157000.0,412382000.0,6281978000.0,0.1405748704077411,0.1684971841335313,0.124111555367029,0.1687720884705464,0.1120179870117441,0.1292129951589906,0.1202320623975207,36.55789759714297,0.5402544483703147,-38225000.0,-0.0068502147894031,0.8882738844357622,7.293333333333334,1.3066666666666666,1.0,0.52,0.66,1.5733333333333333,0.3333333333333333,1.04,0.8600000000000001,"You are a top-tier equity research analyst for the Indian Stock Market.

**Task**: Write a concise, high-impact investment thesis for **ADFFOODS** (Rank #20 in our Top 50 Fundamental Model).

**Quantitative Profile**:
- **Profitability**: ROE: 14.1%, ROCE: 16.8%
- **Growth (3Y CAGR)**: Sales: 11.2%, Profit: 12.9%
- **Financial Health**: Debt/Equity: 0.12
- **Cash Flow**: FCF Margin: -0.7%

**Instructions**:
1. **Headline**: Start with a catchy 1-sentence hook about why this company is a winner.
2. **Analysis**: Briefly synthesis the metrics. Is it a ""Growth Machine"" (high CAGR) or a ""Cash Cow"" (high ROCE/FCF)?
3. **Verdict**: Justify its inclusion in the Top 50.

**Output Format**: 
Plain text, max 3-4 sentences. Professional tone."
AGI,3224106000.0,20977259000.0,5092798000.0,27529415000.0,25288220000.0,14120690000.0,1932984000.0,5527625000.0,824705000.0,4285506000.0,2539059000.0,34962115000.0,0.1536952945091634,0.1849947774044599,0.1274943827600361,0.2013901334297154,0.2143786242989527,,0.2635055895529535,6.175296621216071,1.3292075384618247,1746447000.0,0.0690616816841992,0.7233034957982376,7.22,1.5466666666666666,1.08,0.64,1.12,0.6,0.2733333333333333,0.8400000000000001,1.12,"You are a top-tier equity research analyst for the Indian Stock Market.

**Task**: Write a concise, high-impact investment thesis for **AGI** (Rank #21 in our Top 50 Fundamental Model).

**Quantitative Profile**:
- **Profitability**: ROE: 15.4%, ROCE: 18.5%
- **Growth (3Y CAGR)**: Sales: 21.4%, Profit: N/A
- **Financial Health**: Debt/Equity: 0.26
- **Cash Flow**: FCF Margin: 6.9%

**Instructions**:
1. **Headline**: Start with a catchy 1-sentence hook about why this company is a winner.
2. **Analysis**: Briefly synthesis the metrics. Is it a ""Growth Machine"" (high CAGR) or a ""Cash Cow"" (high ROCE/FCF)?
3. **Verdict**: Justify its inclusion in the Top 50.

**Output Format**: 
Plain text, max 3-4 sentences. Professional tone."
AEROENTER,531200000.0,7007219000.0,1143864000.0,8467861000.0,5785377000.0,3376238000.0,355438000.0,310665000.0,54173000.0,1396495000.0,1044252000.0,9751019000.0,0.0758075350577739,0.1350829920330529,0.0918176983107583,0.1977164150236017,0.1966474059475933,0.1433119337063997,0.0443349922415725,21.115020397615048,2.6289439006024096,352243000.0,0.0608850555460776,0.5933099914993499,7.126666666666666,0.64,0.8400000000000001,0.6266666666666667,0.96,1.6,0.22,1.16,1.08,"You are a top-tier equity research analyst for the Indian Stock Market.

**Task**: Write a concise, high-impact investment thesis for **AEROENTER** (Rank #22 in our Top 50 Fundamental Model).

**Quantitative Profile**:
- **Profitability**: ROE: 7.6%, ROCE: 13.5%
- **Growth (3Y CAGR)**: Sales: 19.7%, Profit: 14.3%
- **Financial Health**: Debt/Equity: 0.04
- **Cash Flow**: FCF Margin: 6.1%

**Instructions**:
1. **Headline**: Start with a catchy 1-sentence hook about why this company is a winner.
2. **Analysis**: Briefly synthesis the metrics. Is it a ""Growth Machine"" (high CAGR) or a ""Cash Cow"" (high ROCE/FCF)?
3. **Verdict**: Justify its inclusion in the Top 50.

**Output Format**: 
Plain text, max 3-4 sentences. Professional tone."
AAATECH,35103000.0,308251000.0,47007000.0,308251000.0,254555000.0,144016000.0,23384000.0,0.0,0.0,16553000.0,2589000.0,325543000.0,0.11387797606496,0.1524958556501033,0.1378994716269568,0.1846634322641472,0.2090853597226047,,0.0,,0.4715551377375153,13964000.0,0.0548565143092848,0.7819397130333012,6.953333333333334,1.04,0.8999999999999999,0.5866666666666667,1.06,0.6,0.2866666666666667,1.44,1.04,"You are a top-tier equity research analyst for the Indian Stock Market.

**Task**: Write a concise, high-impact investment thesis for **AAATECH** (Rank #23 in our Top 50 Fundamental Model).

**Quantitative Profile**:
- **Profitability**: ROE: 11.4%, ROCE: 15.2%
- **Growth (3Y CAGR)**: Sales: 20.9%, Profit: N/A
- **Financial Health**: Debt/Equity: 0.00
- **Cash Flow**: FCF Margin: 5.5%

**Instructions**:
1. **Headline**: Start with a catchy 1-sentence hook about why this company is a winner.
2. **Analysis**: Briefly synthesis the metrics. Is it a ""Growth Machine"" (high CAGR) or a ""Cash Cow"" (high ROCE/FCF)?
3. **Verdict**: Justify its inclusion in the Top 50.

**Output Format**: 
Plain text, max 3-4 sentences. Professional tone."
ADVENZYMES,1311150000.0,14208630000.0,1909210000.0,15245920000.0,6365070000.0,5289040000.0,1195820000.0,393500000.0,35570000.0,1424970000.0,347810000.0,16213470000.0,0.09227842515429,0.1252276018764364,0.2059914502118594,0.2999511395789834,0.0636745728547554,0.0311666426818655,0.0276944364094215,53.674725892606126,1.0868092895549708,1077160000.0,0.1692298749267486,0.3925791332762203,6.933333333333334,0.9066666666666666,0.76,0.76,0.44,1.44,0.1466666666666666,1.2000000000000002,1.28,"You are a top-tier equity research analyst for the Indian Stock Market.

**Task**: Write a concise, high-impact investment thesis for **ADVENZYMES** (Rank #24 in our Top 50 Fundamental Model).

**Quantitative Profile**:
- **Profitability**: ROE: 9.2%, ROCE: 12.5%
- **Growth (3Y CAGR)**: Sales: 6.4%, Profit: 3.1%
- **Financial Health**: Debt/Equity: 0.03
- **Cash Flow**: FCF Margin: 16.9%

**Instructions**:
1. **Headline**: Start with a catchy 1-sentence hook about why this company is a winner.
2. **Analysis**: Briefly synthesis the metrics. Is it a ""Growth Machine"" (high CAGR) or a ""Cash Cow"" (high ROCE/FCF)?
3. **Verdict**: Justify its inclusion in the Top 50.

**Output Format**: 
Plain text, max 3-4 sentences. Professional tone."
ABINFRA,161214000.0,1103782000.0,272429000.0,1389783000.0,2081688000.0,643157000.0,8644000.0,858459000.0,53872000.0,-235921000.0,44283000.0,2491414000.0,0.146056014684059,0.1960226884340936,0.0774438820803117,0.1308692753188758,0.4792203718646881,,0.7777432500258203,5.056968369468369,-1.463402682149193,-280204000.0,-0.1346042250327618,0.8355447950440995,6.266666666666667,1.4666666666666666,1.12,0.44,1.46,0.6,0.3,0.44,0.44,"You are a top-tier equity research analyst for the Indian Stock Market.

**Task**: Write a concise, high-impact investment thesis for **ABINFRA** (Rank #25 in our Top 50 Fundamental Model).

**Quantitative Profile**:
- **Profitability**: ROE: 14.6%, ROCE: 19.6%
- **Growth (3Y CAGR)**: Sales: 47.9%, Profit: N/A
- **Financial Health**: Debt/Equity: 0.78
- **Cash Flow**: FCF Margin: -13.5%

**Instructions**:
1. **Headline**: Start with a catchy 1-sentence hook about why this company is a winner.
2. **Analysis**: Briefly synthesis the metrics. Is it a ""Growth Machine"" (high CAGR) or a ""Cash Cow"" (high ROCE/FCF)?
3. **Verdict**: Justify its inclusion in the Top 50.

**Output Format**: 
Plain text, max 3-4 sentences. Professional tone."
5PAISA,682340000.0,6036420000.0,1094300000.0,6130600000.0,2291570000.0,2159730000.0,137360000.0,2174160000.0,182110000.0,979350000.0,80320000.0,16666280000.0,0.1130371975442398,0.1784980262943268,0.2977609237335102,0.4775328704774456,0.0199476673203198,,0.3601737453656306,6.009005546098512,1.4352815312014535,899030000.0,0.3923205487940582,0.1374973899394466,6.213333333333333,1.0133333333333334,1.06,0.88,0.32,0.6,0.08,0.8,1.46,"You are a top-tier equity research analyst for the Indian Stock Market.

**Task**: Write a concise, high-impact investment thesis for **5PAISA** (Rank #26 in our Top 50 Fundamental Model).

**Quantitative Profile**:
- **Profitability**: ROE: 11.3%, ROCE: 17.8%
- **Growth (3Y CAGR)**: Sales: 2.0%, Profit: N/A
- **Financial Health**: Debt/Equity: 0.36
- **Cash Flow**: FCF Margin: 39.2%

**Instructions**:
1. **Headline**: Start with a catchy 1-sentence hook about why this company is a winner.
2. **Analysis**: Briefly synthesis the metrics. Is it a ""Growth Machine"" (high CAGR) or a ""Cash Cow"" (high ROCE/FCF)?
3. **Verdict**: Justify its inclusion in the Top 50.

**Output Format**: 
Plain text, max 3-4 sentences. Professional tone."
AARTECH,27642000.0,314556000.0,21568000.0,319872000.0,363522000.0,163364000.0,27975000.0,56375000.0,4219000.0,-15216000.0,4907000.0,428093000.0,0.0878762446114523,0.0674269707883153,0.0760394143958274,0.0593306594924103,0.3055438004565345,-0.0039836770276612,0.1792208700517555,5.112111874851861,-0.5504666811373996,-20123000.0,-0.0553556593548671,0.8491659522580374,6.200000000000001,0.8533333333333334,0.44,0.2666666666666666,1.4,1.3866666666666667,0.3133333333333333,0.98,0.56,"You are a top-tier equity research analyst for the Indian Stock Market.

**Task**: Write a concise, high-impact investment thesis for **AARTECH** (Rank #27 in our Top 50 Fundamental Model).

**Quantitative Profile**:
- **Profitability**: ROE: 8.8%, ROCE: 6.7%
- **Growth (3Y CAGR)**: Sales: 30.6%, Profit: -0.4%
- **Financial Health**: Debt/Equity: 0.18
- **Cash Flow**: FCF Margin: -5.5%

**Instructions**:
1. **Headline**: Start with a catchy 1-sentence hook about why this company is a winner.
2. **Analysis**: Briefly synthesis the metrics. Is it a ""Growth Machine"" (high CAGR) or a ""Cash Cow"" (high ROCE/FCF)?
3. **Verdict**: Justify its inclusion in the Top 50.

**Output Format**: 
Plain text, max 3-4 sentences. Professional tone."
AGARIND,1156865000.0,6270948000.0,1648562000.0,8175792000.0,23989270000.0,15982437000.0,636889000.0,4349399000.0,284228000.0,998397000.0,1648530000.0,13446684000.0,0.1844800817994344,0.201639425269136,0.0482242686000866,0.0687208072609129,0.1449627133710054,,0.6935791845188319,5.80013932476744,0.8630194534366585,-650133000.0,-0.0271009914015724,1.7840286869238542,6.1933333333333325,1.6,1.16,0.2933333333333333,0.82,0.6,0.48,0.5599999999999999,0.6799999999999999,"You are a top-tier equity research analyst for the Indian Stock Market.

**Task**: Write a concise, high-impact investment thesis for **AGARIND** (Rank #28 in our Top 50 Fundamental Model).

**Quantitative Profile**:
- **Profitability**: ROE: 18.4%, ROCE: 20.2%
- **Growth (3Y CAGR)**: Sales: 14.5%, Profit: N/A
- **Financial Health**: Debt/Equity: 0.69
- **Cash Flow**: FCF Margin: -2.7%

**Instructions**:
1. **Headline**: Start with a catchy 1-sentence hook about why this company is a winner.
2. **Analysis**: Briefly synthesis the metrics. Is it a ""Growth Machine"" (high CAGR) or a ""Cash Cow"" (high ROCE/FCF)?
3. **Verdict**: Justify its inclusion in the Top 50.

**Output Format**: 
Plain text, max 3-4 sentences. Professional tone."
AEGISLOG,6633779000.0,46308211000.0,11472110000.0,98907675000.0,65691109000.0,46243545000.0,3575229000.0,46060387000.0,1583883000.0,5581942000.0,9448655000.0,112327536000.0,0.1432527592136953,0.1159880666490239,0.100984426979304,0.1746371795915334,0.1241350559725826,0.2288127576573753,0.9946483788803676,7.243028683305522,0.8414422608893061,-3866713000.0,-0.0588620447859998,0.5848175019168942,6.140000000000001,1.3866666666666667,0.74,0.5466666666666666,0.72,1.653333333333333,0.2133333333333333,0.36,0.52,"You are a top-tier equity research analyst for the Indian Stock Market.

**Task**: Write a concise, high-impact investment thesis for **AEGISLOG** (Rank #29 in our Top 50 Fundamental Model).

**Quantitative Profile**:
- **Profitability**: ROE: 14.3%, ROCE: 11.6%
- **Growth (3Y CAGR)**: Sales: 12.4%, Profit: 22.9%
- **Financial Health**: Debt/Equity: 0.99
- **Cash Flow**: FCF Margin: -5.9%

**Instructions**:
1. **Headline**: Start with a catchy 1-sentence hook about why this company is a winner.
2. **Analysis**: Briefly synthesis the metrics. Is it a ""Growth Machine"" (high CAGR) or a ""Cash Cow"" (high ROCE/FCF)?
3. **Verdict**: Justify its inclusion in the Top 50.

**Output Format**: 
Plain text, max 3-4 sentences. Professional tone."
AADHARHFC,9118300000.0,63722900000.0,23313400000.0,206359200000.0,28351700000.0,16118500000.0,4448500000.0,163218800000.0,11580800000.0,-30266500000.0,148000000.0,232239600000.0,0.1430929854102685,0.1129748516179555,0.3216138714786062,0.822292843109937,0.207122913505579,0.2702818531986954,2.561383741166833,2.0131079027355625,-3.3193139071976137,-30414500000.0,-1.0727575418757958,0.1220795247666634,6.14,1.36,0.72,0.9733333333333334,1.0,1.7066666666666668,0.06,0.14,0.18,"You are a top-tier equity research analyst for the Indian Stock Market.

**Task**: Write a concise, high-impact investment thesis for **AADHARHFC** (Rank #30 in our Top 50 Fundamental Model).

**Quantitative Profile**:
- **Profitability**: ROE: 14.3%, ROCE: 11.3%
- **Growth (3Y CAGR)**: Sales: 20.7%, Profit: 27.0%
- **Financial Health**: Debt/Equity: 2.56
- **Cash Flow**: FCF Margin: -107.3%

**Instructions**:
1. **Headline**: Start with a catchy 1-sentence hook about why this company is a winner.
2. **Analysis**: Briefly synthesis the metrics. Is it a ""Growth Machine"" (high CAGR) or a ""Cash Cow"" (high ROCE/FCF)?
3. **Verdict**: Justify its inclusion in the Top 50.

**Output Format**: 
Plain text, max 3-4 sentences. Professional tone."
20MICRONS,623763000.0,4293638000.0,940218000.0,4952018000.0,9116589000.0,6114427000.0,345854000.0,1648262000.0,113241000.0,317862000.0,766800000.0,7145086000.0,0.1452761038541209,0.1898656264981266,0.0684206560150951,0.1031326519161936,0.1424193152594246,,0.3838847150132358,8.302805520968553,0.5095877761265096,-448938000.0,-0.0492440758270445,1.2759243205750077,6.133333333333333,1.44,1.1,0.4,0.8,0.6,0.4333333333333333,0.7599999999999999,0.6000000000000001,"You are a top-tier equity research analyst for the Indian Stock Market.

**Task**: Write a concise, high-impact investment thesis for **20MICRONS** (Rank #31 in our Top 50 Fundamental Model).

**Quantitative Profile**:
- **Profitability**: ROE: 14.5%, ROCE: 19.0%
- **Growth (3Y CAGR)**: Sales: 14.2%, Profit: N/A
- **Financial Health**: Debt/Equity: 0.38
- **Cash Flow**: FCF Margin: -4.9%

**Instructions**:
1. **Headline**: Start with a catchy 1-sentence hook about why this company is a winner.
2. **Analysis**: Briefly synthesis the metrics. Is it a ""Growth Machine"" (high CAGR) or a ""Cash Cow"" (high ROCE/FCF)?
3. **Verdict**: Justify its inclusion in the Top 50.

**Output Format**: 
Plain text, max 3-4 sentences. Professional tone."
ACC,24021200000.0,185548400000.0,32350000000.0,197444600000.0,206721500000.0,158144000000.0,18629900000.0,4297700000.0,1082200000.0,17114800000.0,19684400000.0,254126100000.0,0.1294605612336188,0.1638434274728202,0.1162007822118163,0.1564907375381854,0.0933964078069191,,0.0231621506841341,29.8928109406764,0.7124873028824539,-2569600000.0,-0.0124302503609929,0.8134603254053795,6.12,1.2,0.96,0.4666666666666667,0.58,0.6,0.2933333333333333,1.22,0.8,"You are a top-tier equity research analyst for the Indian Stock Market.

**Task**: Write a concise, high-impact investment thesis for **ACC** (Rank #32 in our Top 50 Fundamental Model).

**Quantitative Profile**:
- **Profitability**: ROE: 12.9%, ROCE: 16.4%
- **Growth (3Y CAGR)**: Sales: 9.3%, Profit: N/A
- **Financial Health**: Debt/Equity: 0.02
- **Cash Flow**: FCF Margin: -1.2%

**Instructions**:
1. **Headline**: Start with a catchy 1-sentence hook about why this company is a winner.
2. **Analysis**: Briefly synthesis the metrics. Is it a ""Growth Machine"" (high CAGR) or a ""Cash Cow"" (high ROCE/FCF)?
3. **Verdict**: Justify its inclusion in the Top 50.

**Output Format**: 
Plain text, max 3-4 sentences. Professional tone."
ADSL,278100000.0,6017600000.0,675400000.0,7148900000.0,8070700000.0,4846700000.0,610300000.0,949000000.0,69200000.0,922700000.0,106700000.0,9253500000.0,0.0462144376495612,0.0944760732420372,0.0344579776227588,0.0836854300122666,0.1852819982876667,-0.2304812499296025,0.1577040680670034,9.760115606936417,3.31787126932758,816000000.0,0.1011064715576096,0.87217809477495,6.1,0.48,0.6000000000000001,0.36,0.8999999999999999,1.2533333333333334,0.3266666666666666,1.0,1.18,"You are a top-tier equity research analyst for the Indian Stock Market.

**Task**: Write a concise, high-impact investment thesis for **ADSL** (Rank #33 in our Top 50 Fundamental Model).

**Quantitative Profile**:
- **Profitability**: ROE: 4.6%, ROCE: 9.4%
- **Growth (3Y CAGR)**: Sales: 18.5%, Profit: -23.0%
- **Financial Health**: Debt/Equity: 0.16
- **Cash Flow**: FCF Margin: 10.1%

**Instructions**:
1. **Headline**: Start with a catchy 1-sentence hook about why this company is a winner.
2. **Analysis**: Briefly synthesis the metrics. Is it a ""Growth Machine"" (high CAGR) or a ""Cash Cow"" (high ROCE/FCF)?
3. **Verdict**: Justify its inclusion in the Top 50.

**Output Format**: 
Plain text, max 3-4 sentences. Professional tone."
AARVI,100445000.0,1253234000.0,142944000.0,1329499000.0,5040768000.0,2834715000.0,120674000.0,267812000.0,30751000.0,-24026000.0,98958000.0,2130294000.0,0.0801486394400407,0.1075171925665231,0.019926527068891,0.0283575836063076,0.2115158564490735,-0.0593280264110032,0.2136967238360912,4.648434197261878,-0.2391955796704664,-122984000.0,-0.0243978695309921,2.366231139927165,6.093333333333333,0.6666666666666666,0.6799999999999999,0.2,1.08,1.3333333333333333,0.4933333333333333,0.92,0.72,"You are a top-tier equity research analyst for the Indian Stock Market.

**Task**: Write a concise, high-impact investment thesis for **AARVI** (Rank #34 in our Top 50 Fundamental Model).

**Quantitative Profile**:
- **Profitability**: ROE: 8.0%, ROCE: 10.8%
- **Growth (3Y CAGR)**: Sales: 21.2%, Profit: -5.9%
- **Financial Health**: Debt/Equity: 0.21
- **Cash Flow**: FCF Margin: -2.4%

**Instructions**:
1. **Headline**: Start with a catchy 1-sentence hook about why this company is a winner.
2. **Analysis**: Briefly synthesis the metrics. Is it a ""Growth Machine"" (high CAGR) or a ""Cash Cow"" (high ROCE/FCF)?
3. **Verdict**: Justify its inclusion in the Top 50.

**Output Format**: 
Plain text, max 3-4 sentences. Professional tone."
ADANIGREEN,14440000000.0,121370000000.0,70520000000.0,945100000000.0,112120000000.0,51330000000.0,4890000000.0,800400000000.0,48370000000.0,83640000000.0,247760000000.0,1113980000000.0,0.1189750350168905,0.0746164427044757,0.1287905815198002,0.6289689618266143,0.2974897677610051,0.4346725140947902,6.5947103897173935,1.457928468058714,5.792243767313019,-164120000000.0,-1.463788797716732,0.1006481265372807,6.06,1.0933333333333333,0.52,0.9333333333333332,1.38,1.9466666666666668,0.0466666666666666,0.0199999999999999,0.12,"You are a top-tier equity research analyst for the Indian Stock Market.

**Task**: Write a concise, high-impact investment thesis for **ADANIGREEN** (Rank #35 in our Top 50 Fundamental Model).

**Quantitative Profile**:
- **Profitability**: ROE: 11.9%, ROCE: 7.5%
- **Growth (3Y CAGR)**: Sales: 29.7%, Profit: 43.5%
- **Financial Health**: Debt/Equity: 6.59
- **Cash Flow**: FCF Margin: -146.4%

**Instructions**:
1. **Headline**: Start with a catchy 1-sentence hook about why this company is a winner.
2. **Analysis**: Briefly synthesis the metrics. Is it a ""Growth Machine"" (high CAGR) or a ""Cash Cow"" (high ROCE/FCF)?
3. **Verdict**: Justify its inclusion in the Top 50.

**Output Format**: 
Plain text, max 3-4 sentences. Professional tone."
AARTIDRUGS,1681585000.0,13689985000.0,2476440000.0,17377114000.0,23689276000.0,24886458000.0,2050386000.0,6150707000.0,358726000.0,2445838000.0,1771614000.0,25746782000.0,0.122833224433774,0.1425115816124587,0.0709850735835067,0.1045384417826868,-0.0162994833705709,-0.0639600193320264,0.4492851526133885,6.903430473397523,1.4544837162557944,674224000.0,0.0284611484116272,0.9200868675549434,5.993333333333334,1.1466666666666667,0.88,0.4133333333333333,0.26,1.3066666666666666,0.3466666666666667,0.6599999999999999,0.98,"You are a top-tier equity research analyst for the Indian Stock Market.

**Task**: Write a concise, high-impact investment thesis for **AARTIDRUGS** (Rank #36 in our Top 50 Fundamental Model).

**Quantitative Profile**:
- **Profitability**: ROE: 12.3%, ROCE: 14.3%
- **Growth (3Y CAGR)**: Sales: -1.6%, Profit: -6.4%
- **Financial Health**: Debt/Equity: 0.45
- **Cash Flow**: FCF Margin: 2.8%

**Instructions**:
1. **Headline**: Start with a catchy 1-sentence hook about why this company is a winner.
2. **Analysis**: Briefly synthesis the metrics. Is it a ""Growth Machine"" (high CAGR) or a ""Cash Cow"" (high ROCE/FCF)?
3. **Verdict**: Justify its inclusion in the Top 50.

**Output Format**: 
Plain text, max 3-4 sentences. Professional tone."
ADANIENT,70990000000.0,503139700000.0,153663400000.0,1507523900000.0,977110800000.0,693043600000.0,7765600000.0,918191700000.0,48876000000.0,45131000000.0,291711400000.0,1981355400000.0,0.1410940142469377,0.1019309876281231,0.072652968322528,0.1572630248278905,0.1213153105132824,1.0909359029776875,1.824923972407664,3.1439438579261805,0.6357374278067334,-246580400000.0,-0.252356641641869,0.4931527175790875,5.919999999999999,1.3333333333333333,0.64,0.4933333333333333,0.7,2.0,0.1933333333333333,0.2199999999999999,0.3399999999999999,"You are a top-tier equity research analyst for the Indian Stock Market.

**Task**: Write a concise, high-impact investment thesis for **ADANIENT** (Rank #37 in our Top 50 Fundamental Model).

**Quantitative Profile**:
- **Profitability**: ROE: 14.1%, ROCE: 10.2%
- **Growth (3Y CAGR)**: Sales: 12.1%, Profit: 109.1%
- **Financial Health**: Debt/Equity: 1.82
- **Cash Flow**: FCF Margin: -25.2%

**Instructions**:
1. **Headline**: Start with a catchy 1-sentence hook about why this company is a winner.
2. **Analysis**: Briefly synthesis the metrics. Is it a ""Growth Machine"" (high CAGR) or a ""Cash Cow"" (high ROCE/FCF)?
3. **Verdict**: Justify its inclusion in the Top 50.

**Output Format**: 
Plain text, max 3-4 sentences. Professional tone."
RELIANCE,696480000000.0,8432000000000.0,1281380000000.0,14963840000000.0,9646930000000.0,6959630000000.0,607050000000.0,3695750000000.0,221210000000.0,1787030000000.0,1399670000000.0,19501210000000.0,0.0825996204933586,0.0856317629699328,0.0721970616558843,0.132827749346165,0.1149814923690808,0.0468747591211113,0.4383005218216318,5.792595271461507,2.5658023202389155,387360000000.0,0.0401537069305986,0.4946836632188464,5.84,0.6933333333333334,0.58,0.4533333333333333,0.6799999999999999,1.4933333333333334,0.2,0.72,1.02,"You are a top-tier equity research analyst for the Indian Stock Market.

**Task**: Write a concise, high-impact investment thesis for **RELIANCE** (Rank #38 in our Top 50 Fundamental Model).

**Quantitative Profile**:
- **Profitability**: ROE: 8.3%, ROCE: 8.6%
- **Growth (3Y CAGR)**: Sales: 11.5%, Profit: 4.7%
- **Financial Health**: Debt/Equity: 0.44
- **Cash Flow**: FCF Margin: 4.0%

**Instructions**:
1. **Headline**: Start with a catchy 1-sentence hook about why this company is a winner.
2. **Analysis**: Briefly synthesis the metrics. Is it a ""Growth Machine"" (high CAGR) or a ""Cash Cow"" (high ROCE/FCF)?
3. **Verdict**: Justify its inclusion in the Top 50.

**Output Format**: 
Plain text, max 3-4 sentences. Professional tone."
HDFCBANK,673508300000.0,7676891400000.0,,15002997500000.0,2371508200000.0,1019413700000.0,386000400000.0,7326106100000.0,1823477000000.0,1195617400000.0,66397300000.0,48187671100000.0,0.0877319040881573,,0.2839999878558294,,0.3250269806448944,0.2038851731985957,0.9543063355044986,,1.77520811547534,1129220100000.0,0.4761611619137559,0.0492140032058947,5.836666666666667,0.8266666666666667,0.03,0.0266666666666666,1.42,1.6266666666666667,0.0266666666666666,0.3799999999999999,1.5,"You are a top-tier equity research analyst for the Indian Stock Market.

**Task**: Write a concise, high-impact investment thesis for **HDFCBANK** (Rank #39 in our Top 50 Fundamental Model).

**Quantitative Profile**:
- **Profitability**: ROE: 8.8%, ROCE: N/A
- **Growth (3Y CAGR)**: Sales: 32.5%, Profit: 20.4%
- **Financial Health**: Debt/Equity: 0.95
- **Cash Flow**: FCF Margin: 47.6%

**Instructions**:
1. **Headline**: Start with a catchy 1-sentence hook about why this company is a winner.
2. **Analysis**: Briefly synthesis the metrics. Is it a ""Growth Machine"" (high CAGR) or a ""Cash Cow"" (high ROCE/FCF)?
3. **Verdict**: Justify its inclusion in the Top 50.

**Output Format**: 
Plain text, max 3-4 sentences. Professional tone."
AARTISURF,145447000.0,2326248000.0,321763000.0,2908840000.0,6485132000.0,5703729000.0,54948000.0,880685000.0,114742000.0,111381000.0,202358000.0,4771871000.0,0.0625242880380767,0.1106155718430714,0.0224277624572637,0.0496154897078424,0.0437263451399645,0.3833039788030818,0.3785860320997589,2.804230360286556,0.7657841000501902,-90977000.0,-0.0140285502284302,1.3590333854372845,5.780000000000001,0.5866666666666667,0.7,0.24,0.36,1.893333333333333,0.44,0.78,0.78,"You are a top-tier equity research analyst for the Indian Stock Market.

**Task**: Write a concise, high-impact investment thesis for **AARTISURF** (Rank #40 in our Top 50 Fundamental Model).

**Quantitative Profile**:
- **Profitability**: ROE: 6.3%, ROCE: 11.1%
- **Growth (3Y CAGR)**: Sales: 4.4%, Profit: 38.3%
- **Financial Health**: Debt/Equity: 0.38
- **Cash Flow**: FCF Margin: -1.4%

**Instructions**:
1. **Headline**: Start with a catchy 1-sentence hook about why this company is a winner.
2. **Analysis**: Briefly synthesis the metrics. Is it a ""Growth Machine"" (high CAGR) or a ""Cash Cow"" (high ROCE/FCF)?
3. **Verdict**: Justify its inclusion in the Top 50.

**Output Format**: 
Plain text, max 3-4 sentences. Professional tone."
360ONE,10153000000.0,70647100000.0,22253000000.0,104385000000.0,26353100000.0,14946400000.0,5777400000.0,110255300000.0,8784800000.0,-24108700000.0,552400000.0,197687000000.0,0.1437143208992301,0.2131819705896441,0.3852677673594378,0.8444167858809779,0.2080874415970475,,1.5606486324279412,2.5331253984154447,-2.3745395449620803,-24661100000.0,-0.93579502980674,0.1333071977418849,5.773333333333333,1.413333333333333,1.22,0.9866666666666668,1.04,0.6,0.0733333333333333,0.24,0.2,"You are a top-tier equity research analyst for the Indian Stock Market.

**Task**: Write a concise, high-impact investment thesis for **360ONE** (Rank #41 in our Top 50 Fundamental Model).

**Quantitative Profile**:
- **Profitability**: ROE: 14.4%, ROCE: 21.3%
- **Growth (3Y CAGR)**: Sales: 20.8%, Profit: N/A
- **Financial Health**: Debt/Equity: 1.56
- **Cash Flow**: FCF Margin: -93.6%

**Instructions**:
1. **Headline**: Start with a catchy 1-sentence hook about why this company is a winner.
2. **Analysis**: Briefly synthesis the metrics. Is it a ""Growth Machine"" (high CAGR) or a ""Cash Cow"" (high ROCE/FCF)?
3. **Verdict**: Justify its inclusion in the Top 50.

**Output Format**: 
Plain text, max 3-4 sentences. Professional tone."
AFSL,1085106000.0,10740602000.0,1954612000.0,12046294000.0,32654646000.0,5842566000.0,618404000.0,8344858000.0,631102000.0,-1187614000.0,23357000.0,30598288000.0,0.1010284153532548,0.1622583675942161,0.0332297584852091,0.0598570874110838,0.774654376074309,,0.7769450911596948,3.0971411911228297,-1.0944681902044593,-1210971000.0,-0.0370841870403372,1.067205001796179,5.7733333333333325,0.96,0.94,0.28,1.5,0.6,0.3933333333333333,0.4599999999999999,0.64,"You are a top-tier equity research analyst for the Indian Stock Market.

**Task**: Write a concise, high-impact investment thesis for **AFSL** (Rank #42 in our Top 50 Fundamental Model).

**Quantitative Profile**:
- **Profitability**: ROE: 10.1%, ROCE: 16.2%
- **Growth (3Y CAGR)**: Sales: 77.5%, Profit: N/A
- **Financial Health**: Debt/Equity: 0.78
- **Cash Flow**: FCF Margin: -3.7%

**Instructions**:
1. **Headline**: Start with a catchy 1-sentence hook about why this company is a winner.
2. **Analysis**: Briefly synthesis the metrics. Is it a ""Growth Machine"" (high CAGR) or a ""Cash Cow"" (high ROCE/FCF)?
3. **Verdict**: Justify its inclusion in the Top 50.

**Output Format**: 
Plain text, max 3-4 sentences. Professional tone."
21STCENMGM,123377000.0,510134000.0,195569000.0,512069000.0,163247000.0,99744000.0,146578000.0,,442000.0,51478000.0,,570650000.0,0.2418521408100616,0.3819192335407924,0.7557688655840537,1.1979944501277209,0.1784725638564201,,,442.46380090497735,0.4172414631576387,,,0.2860720231315167,5.769999999999999,1.7066666666666668,1.4,1.0,0.88,0.6,0.1133333333333333,0.0199999999999999,0.05,"You are a top-tier equity research analyst for the Indian Stock Market.

**Task**: Write a concise, high-impact investment thesis for **21STCENMGM** (Rank #43 in our Top 50 Fundamental Model).

**Quantitative Profile**:
- **Profitability**: ROE: 24.2%, ROCE: 38.2%
- **Growth (3Y CAGR)**: Sales: 17.8%, Profit: N/A
- **Financial Health**: Debt/Equity: N/A
- **Cash Flow**: FCF Margin: N/A

**Instructions**:
1. **Headline**: Start with a catchy 1-sentence hook about why this company is a winner.
2. **Analysis**: Briefly synthesis the metrics. Is it a ""Growth Machine"" (high CAGR) or a ""Cash Cow"" (high ROCE/FCF)?
3. **Verdict**: Justify its inclusion in the Top 50.

**Output Format**: 
Plain text, max 3-4 sentences. Professional tone."
A2ZINFRA,89731000.0,451660000.0,171251000.0,720086000.0,3362675000.0,3533250000.0,-1799100000.0,916225000.0,70842000.0,542143000.0,33343000.0,4984243000.0,0.1986693530531816,0.23782020480887,0.0266844104767781,0.0509270149508947,-0.0163585020774995,,2.0285723774520656,2.4173654047034243,6.041869587990773,508800000.0,0.1513081103585687,0.6746611270758669,5.699999999999998,1.653333333333333,1.26,0.2533333333333333,0.24,0.6,0.2533333333333333,0.18,1.26,"You are a top-tier equity research analyst for the Indian Stock Market.

**Task**: Write a concise, high-impact investment thesis for **A2ZINFRA** (Rank #44 in our Top 50 Fundamental Model).

**Quantitative Profile**:
- **Profitability**: ROE: 19.9%, ROCE: 23.8%
- **Growth (3Y CAGR)**: Sales: -1.6%, Profit: N/A
- **Financial Health**: Debt/Equity: 2.03
- **Cash Flow**: FCF Margin: 15.1%

**Instructions**:
1. **Headline**: Start with a catchy 1-sentence hook about why this company is a winner.
2. **Analysis**: Briefly synthesis the metrics. Is it a ""Growth Machine"" (high CAGR) or a ""Cash Cow"" (high ROCE/FCF)?
3. **Verdict**: Justify its inclusion in the Top 50.

**Output Format**: 
Plain text, max 3-4 sentences. Professional tone."
ABDL,1948640000.0,15428555000.0,3907848000.0,16827897000.0,33438748000.0,25589090000.0,14760000.0,9052468000.0,1250621000.0,-6784221000.0,1304883000.0,35346596000.0,0.1263008752277838,0.2322243831181044,0.0582749090964769,0.1168658587337061,0.0932808026134921,,0.5867346618007973,3.124726036105263,-3.4815158264225308,-8089104000.0,-0.2419081001477687,0.9460245620257182,5.340000000000001,1.1733333333333331,1.24,0.4266666666666667,0.56,0.6,0.36,0.62,0.36,"You are a top-tier equity research analyst for the Indian Stock Market.

**Task**: Write a concise, high-impact investment thesis for **ABDL** (Rank #45 in our Top 50 Fundamental Model).

**Quantitative Profile**:
- **Profitability**: ROE: 12.6%, ROCE: 23.2%
- **Growth (3Y CAGR)**: Sales: 9.3%, Profit: N/A
- **Financial Health**: Debt/Equity: 0.59
- **Cash Flow**: FCF Margin: -24.2%

**Instructions**:
1. **Headline**: Start with a catchy 1-sentence hook about why this company is a winner.
2. **Analysis**: Briefly synthesis the metrics. Is it a ""Growth Machine"" (high CAGR) or a ""Cash Cow"" (high ROCE/FCF)?
3. **Verdict**: Justify its inclusion in the Top 50.

**Output Format**: 
Plain text, max 3-4 sentences. Professional tone."
AGARWALEYE,834600000.0,18665900000.0,2677100000.0,31938100000.0,17046100000.0,6952650000.0,376940000.0,9609100000.0,1078600000.0,3603300000.0,3209000000.0,36715700000.0,0.0447125506940463,0.0838215172474255,0.0489613459970315,0.1570505863511301,0.3484190771013975,,0.5147943576254025,2.4820137214908216,4.317397555715313,394300000.0,0.0231313907580032,0.4642727770408844,5.266666666666667,0.4533333333333333,0.54,0.48,1.44,0.6,0.1733333333333333,0.6399999999999999,0.94,"You are a top-tier equity research analyst for the Indian Stock Market.

**Task**: Write a concise, high-impact investment thesis for **AGARWALEYE** (Rank #46 in our Top 50 Fundamental Model).

**Quantitative Profile**:
- **Profitability**: ROE: 4.5%, ROCE: 8.4%
- **Growth (3Y CAGR)**: Sales: 34.8%, Profit: N/A
- **Financial Health**: Debt/Equity: 0.51
- **Cash Flow**: FCF Margin: 2.3%

**Instructions**:
1. **Headline**: Start with a catchy 1-sentence hook about why this company is a winner.
2. **Analysis**: Briefly synthesis the metrics. Is it a ""Growth Machine"" (high CAGR) or a ""Cash Cow"" (high ROCE/FCF)?
3. **Verdict**: Justify its inclusion in the Top 50.

**Output Format**: 
Plain text, max 3-4 sentences. Professional tone."
ABAN,-8893920000.0,-254019960000.0,2120590000.0,-254014870000.0,4756550000.0,5983390000.0,-21770780000.0,156971950000.0,10766100000.0,1388900000.0,12380000.0,15329850000.0,0.0350126816806049,-0.0083482907910076,-1.869825819133616,0.4458252304716654,-0.0736361798279032,,-0.6179512428865827,0.1969691903289027,-0.1561628618202097,1376520000.0,0.2893946242549747,0.3102802701918153,5.226666666666667,0.4,0.2,0.8666666666666667,0.16,0.6,0.12,1.46,1.42,"You are a top-tier equity research analyst for the Indian Stock Market.

**Task**: Write a concise, high-impact investment thesis for **ABAN** (Rank #47 in our Top 50 Fundamental Model).

**Quantitative Profile**:
- **Profitability**: ROE: 3.5%, ROCE: -0.8%
- **Growth (3Y CAGR)**: Sales: -7.4%, Profit: N/A
- **Financial Health**: Debt/Equity: -0.62
- **Cash Flow**: FCF Margin: 28.9%

**Instructions**:
1. **Headline**: Start with a catchy 1-sentence hook about why this company is a winner.
2. **Analysis**: Briefly synthesis the metrics. Is it a ""Growth Machine"" (high CAGR) or a ""Cash Cow"" (high ROCE/FCF)?
3. **Verdict**: Justify its inclusion in the Top 50.

**Output Format**: 
Plain text, max 3-4 sentences. Professional tone."
ADANIENSOL,10599700000.0,220682000000.0,42100200000.0,640374200000.0,235461500000.0,109602100000.0,12046100000.0,402752800000.0,31351700000.0,86952200000.0,93781400000.0,739601000000.0,0.0480315567196237,0.0657431233175852,0.0450167012441524,0.1787986571053017,0.2903286599445944,-0.0417421848333858,1.825036930968543,1.342836273631095,8.203269903865204,-6829200000.0,-0.0290034676581946,0.3183628740361357,5.193333333333334,0.5066666666666667,0.4,0.5733333333333334,1.36,1.36,0.1333333333333333,0.1999999999999999,0.66,"You are a top-tier equity research analyst for the Indian Stock Market.

**Task**: Write a concise, high-impact investment thesis for **ADANIENSOL** (Rank #48 in our Top 50 Fundamental Model).

**Quantitative Profile**:
- **Profitability**: ROE: 4.8%, ROCE: 6.6%
- **Growth (3Y CAGR)**: Sales: 29.0%, Profit: -4.2%
- **Financial Health**: Debt/Equity: 1.83
- **Cash Flow**: FCF Margin: -2.9%

**Instructions**:
1. **Headline**: Start with a catchy 1-sentence hook about why this company is a winner.
2. **Analysis**: Briefly synthesis the metrics. Is it a ""Growth Machine"" (high CAGR) or a ""Cash Cow"" (high ROCE/FCF)?
3. **Verdict**: Justify its inclusion in the Top 50.

**Output Format**: 
Plain text, max 3-4 sentences. Professional tone."
ADROITINFO,6883000.0,746763000.0,25330000.0,768019000.0,317122000.0,63710000.0,6187000.0,162217000.0,8074000.0,-134150000.0,84069000.0,964756000.0,0.0092171143990797,0.0329809548982512,0.021704580571515,0.0798746223850757,0.7074169517045368,0.0361736672706127,0.217226884567125,3.1372306167946493,-19.49004794421037,-218219000.0,-0.688123182875991,0.3287069476634506,5.1000000000000005,0.2933333333333333,0.26,0.32,1.48,1.4666666666666666,0.14,0.8999999999999999,0.24,"You are a top-tier equity research analyst for the Indian Stock Market.

**Task**: Write a concise, high-impact investment thesis for **ADROITINFO** (Rank #49 in our Top 50 Fundamental Model).

**Quantitative Profile**:
- **Profitability**: ROE: 0.9%, ROCE: 3.3%
- **Growth (3Y CAGR)**: Sales: 70.7%, Profit: 3.6%
- **Financial Health**: Debt/Equity: 0.22
- **Cash Flow**: FCF Margin: -68.8%

**Instructions**:
1. **Headline**: Start with a catchy 1-sentence hook about why this company is a winner.
2. **Analysis**: Briefly synthesis the metrics. Is it a ""Growth Machine"" (high CAGR) or a ""Cash Cow"" (high ROCE/FCF)?
3. **Verdict**: Justify its inclusion in the Top 50.

**Output Format**: 
Plain text, max 3-4 sentences. Professional tone."
ABCOTS,102125000.0,1107564000.0,237331000.0,1837659000.0,2961467000.0,1398636000.0,68332000.0,1657855000.0,100567000.0,-164718000.0,500431000.0,2883899000.0,0.0922068611836426,0.1291485525878305,0.0344845983426457,0.0801396740196666,0.2841055756271959,,1.4968480376754751,2.359929201427904,-1.612905752753978,-665149000.0,-0.2246011858312113,1.026896919760366,4.98,0.88,0.8,0.3333333333333333,1.34,0.6,0.3866666666666666,0.26,0.38,"You are a top-tier equity research analyst for the Indian Stock Market.

**Task**: Write a concise, high-impact investment thesis for **ABCOTS** (Rank #50 in our Top 50 Fundamental Model).

**Quantitative Profile**:
- **Profitability**: ROE: 9.2%, ROCE: 12.9%
- **Growth (3Y CAGR)**: Sales: 28.4%, Profit: N/A
- **Financial Health**: Debt/Equity: 1.50
- **Cash Flow**: FCF Margin: -22.5%

**Instructions**:
1. **Headline**: Start with a catchy 1-sentence hook about why this company is a winner.
2. **Analysis**: Briefly synthesis the metrics. Is it a ""Growth Machine"" (high CAGR) or a ""Cash Cow"" (high ROCE/FCF)?
3. **Verdict**: Justify its inclusion in the Top 50.

**Output Format**: 
Plain text, max 3-4 sentences. Professional tone."
