ticker,net_income,equity,ebit,capital_employed,revenue,revenue_3y_ago,profit_3y_ago,total_debt,interest_expense,cfo,capex,total_assets,roe,roce,net_margin,operating_margin,revenue_cagr,profit_cagr,debt_to_equity,interest_coverage,ocf_ratio,fcf,fcf_margin,asset_turnover,final_score,score_roe,score_roce,score_net_margin,score_operating_margin,score_revenue_cagr,score_profit_cagr,score_ocf_ratio,score_fcf_margin,score_debt_to_equity,score_interest_coverage,score_asset_turnover,llm_prompt
ADVANIHOTR,264355000.0,814202000.0,354110000.0,882712000.0,980912000.0,486745000.0,65081000.0,6500000.0,1133000.0,211988000.0,32821000.0,1078191000.0,0.3246798705972228,0.4011614207125313,0.2694992007437976,0.3610007829448513,0.2631148746812264,0.595552518701717,0.0079832768772368,312.54192409532214,0.801906527207732,179167000.0,0.1826534898135612,0.9097757261932256,83.42857142857143,14.428571428571429,9.714285714285714,4.380952380952381,4.190476190476191,12.142857142857142,9.904761904761905,2.619047619047619,13.428571428571429,4.380952380952381,4.857142857142857,3.3809523809523814,"You are a top-tier equity research analyst for the Indian Stock Market.

**Task**: Write a concise, high-impact investment thesis for **ADVANIHOTR** (Rank #1 in our Top 50 Fundamental Model).

**Quantitative Profile**:
- **Profitability**: ROE: 32.5%, ROCE: 40.1%
- **Growth (3Y CAGR)**: Sales: 26.3%, Profit: 59.6%
- **Financial Health**: Debt/Equity: 0.01
- **Cash Flow**: FCF Margin: 18.3%

**Instructions**:
1. **Headline**: Start with a catchy 1-sentence hook about why this company is a winner.
2. **Analysis**: Briefly synthesis the metrics. Is it a ""Growth Machine"" (high CAGR) or a ""Cash Cow"" (high ROCE/FCF)?
3. **Verdict**: Justify its inclusion in the Top 50.

**Output Format**: 
Plain text, max 3-4 sentences. Professional tone."
ITC,347466300000.0,700300500000.0,269720000000.0,737565700000.0,746533200000.0,600813600000.0,152426600000.0,2848400000.0,450600000.0,176270400000.0,22787000000.0,880906800000.0,0.4961674309814144,0.3656894565460405,0.4654398491587514,0.3612967246466734,0.0750692927148013,0.3160851104333519,0.00406739678181,598.5796715490458,0.5073021469995795,153483400000.0,0.2055948750839212,0.8474599128988447,76.28571428571429,14.857142857142858,9.333333333333334,4.761904761904762,4.238095238095238,5.2857142857142865,9.428571428571429,1.8571428571428572,13.857142857142858,4.6190476190476195,4.9523809523809526,3.0952380952380953,"You are a top-tier equity research analyst for the Indian Stock Market.

**Task**: Write a concise, high-impact investment thesis for **ITC** (Rank #2 in our Top 50 Fundamental Model).

**Quantitative Profile**:
- **Profitability**: ROE: 49.6%, ROCE: 36.6%
- **Growth (3Y CAGR)**: Sales: 7.5%, Profit: 31.6%
- **Financial Health**: Debt/Equity: 0.00
- **Cash Flow**: FCF Margin: 20.6%

**Instructions**:
1. **Headline**: Start with a catchy 1-sentence hook about why this company is a winner.
2. **Analysis**: Briefly synthesis the metrics. Is it a ""Growth Machine"" (high CAGR) or a ""Cash Cow"" (high ROCE/FCF)?
3. **Verdict**: Justify its inclusion in the Top 50.

**Output Format**: 
Plain text, max 3-4 sentences. Professional tone."
TCS,485530000000.0,947560000000.0,661270000000.0,1066280000000.0,2553240000000.0,1917540000000.0,383270000000.0,93920000000.0,7960000000.0,489080000000.0,39370000000.0,1596290000000.0,0.5124002701675884,0.6201654349701767,0.1901623035828986,0.2589924958092462,0.1001428211494679,0.082024466052522,0.0991177339693528,83.07412060301507,1.0073115976355735,449710000000.0,0.176133070138334,1.599483803068365,75.85714285714286,15.0,10.0,3.952380952380952,3.619047619047619,6.714285714285714,8.285714285714286,2.904761904761905,13.142857142857142,3.2380952380952377,4.333333333333334,4.666666666666667,"You are a top-tier equity research analyst for the Indian Stock Market.

**Task**: Write a concise, high-impact investment thesis for **TCS** (Rank #3 in our Top 50 Fundamental Model).

**Quantitative Profile**:
- **Profitability**: ROE: 51.2%, ROCE: 62.0%
- **Growth (3Y CAGR)**: Sales: 10.0%, Profit: 8.2%
- **Financial Health**: Debt/Equity: 0.10
- **Cash Flow**: FCF Margin: 17.6%

**Instructions**:
1. **Headline**: Start with a catchy 1-sentence hook about why this company is a winner.
2. **Analysis**: Briefly synthesis the metrics. Is it a ""Growth Machine"" (high CAGR) or a ""Cash Cow"" (high ROCE/FCF)?
3. **Verdict**: Justify its inclusion in the Top 50.

**Output Format**: 
Plain text, max 3-4 sentences. Professional tone."
ADANIPOWER,129387700000.0,563470900000.0,194321200000.0,964765800000.0,561318200000.0,276549000000.0,49115800000.0,393562900000.0,30726100000.0,215011100000.0,115590400000.0,1129175700000.0,0.2296262326945366,0.2014180021721333,0.2305068675841973,0.346187242815216,0.2661320737017909,0.381096178432839,0.6984618016653567,6.324304093262732,1.6617584206226712,99420700000.0,0.1771200363715268,0.4971043921685527,73.9047619047619,12.714285714285714,7.619047619047619,4.238095238095238,4.142857142857143,12.285714285714285,9.523809523809524,3.761904761904762,13.285714285714285,1.5714285714285714,2.904761904761905,1.8571428571428572,"You are a top-tier equity research analyst for the Indian Stock Market.

**Task**: Write a concise, high-impact investment thesis for **ADANIPOWER** (Rank #4 in our Top 50 Fundamental Model).

**Quantitative Profile**:
- **Profitability**: ROE: 23.0%, ROCE: 20.1%
- **Growth (3Y CAGR)**: Sales: 26.6%, Profit: 38.1%
- **Financial Health**: Debt/Equity: 0.70
- **Cash Flow**: FCF Margin: 17.7%

**Instructions**:
1. **Headline**: Start with a catchy 1-sentence hook about why this company is a winner.
2. **Analysis**: Briefly synthesis the metrics. Is it a ""Growth Machine"" (high CAGR) or a ""Cash Cow"" (high ROCE/FCF)?
3. **Verdict**: Justify its inclusion in the Top 50.

**Output Format**: 
Plain text, max 3-4 sentences. Professional tone."
ACCELYA,1290159000.0,2776759000.0,1780290000.0,3429080000.0,5284914000.0,3683981000.0,761877000.0,620263000.0,34219000.0,1445631000.0,192527000.0,4493375000.0,0.4646276468357534,0.5191742391545254,0.2441210963887018,0.3368626244438414,0.1278210105854778,,0.2233766056038712,52.02635962476987,1.1205060771579316,1253104000.0,0.2371096294092959,1.1761568976548809,72.7142857142857,14.714285714285714,9.904761904761905,4.285714285714286,4.0476190476190474,8.0,3.5714285714285716,3.238095238095238,14.142857142857142,2.761904761904762,3.952380952380952,4.095238095238095,"You are a top-tier equity research analyst for the Indian Stock Market.

**Task**: Write a concise, high-impact investment thesis for **ACCELYA** (Rank #5 in our Top 50 Fundamental Model).

**Quantitative Profile**:
- **Profitability**: ROE: 46.5%, ROCE: 51.9%
- **Growth (3Y CAGR)**: Sales: 12.8%, Profit: N/A
- **Financial Health**: Debt/Equity: 0.22
- **Cash Flow**: FCF Margin: 23.7%

**Instructions**:
1. **Headline**: Start with a catchy 1-sentence hook about why this company is a winner.
2. **Analysis**: Briefly synthesis the metrics. Is it a ""Growth Machine"" (high CAGR) or a ""Cash Cow"" (high ROCE/FCF)?
3. **Verdict**: Justify its inclusion in the Top 50.

**Output Format**: 
Plain text, max 3-4 sentences. Professional tone."
INFY,3158000000.0,11205000000.0,4496000000.0,12407000000.0,19277000000.0,16311000000.0,2963000000.0,962000000.0,49000000.0,4351000000.0,263000000.0,17419000000.0,0.2818384649709951,0.3623760780204723,0.1638221714997146,0.2332313119261296,0.0572709184170099,0.0214728425629529,0.0858545292280232,91.75510204081633,1.3777707409753008,4088000000.0,0.2120661928723349,1.1066651357712842,72.33333333333334,14.0,9.238095238095239,3.619047619047619,3.523809523809524,4.714285714285714,7.904761904761904,3.523809523809524,14.0,3.333333333333334,4.428571428571429,4.0476190476190474,"You are a top-tier equity research analyst for the Indian Stock Market.

**Task**: Write a concise, high-impact investment thesis for **INFY** (Rank #6 in our Top 50 Fundamental Model).

**Quantitative Profile**:
- **Profitability**: ROE: 28.2%, ROCE: 36.2%
- **Growth (3Y CAGR)**: Sales: 5.7%, Profit: 2.1%
- **Financial Health**: Debt/Equity: 0.09
- **Cash Flow**: FCF Margin: 21.2%

**Instructions**:
1. **Headline**: Start with a catchy 1-sentence hook about why this company is a winner.
2. **Analysis**: Briefly synthesis the metrics. Is it a ""Growth Machine"" (high CAGR) or a ""Cash Cow"" (high ROCE/FCF)?
3. **Verdict**: Justify its inclusion in the Top 50.

**Output Format**: 
Plain text, max 3-4 sentences. Professional tone."
AIIL,42414100000.0,146893400000.0,41181800000.0,150493600000.0,28448800000.0,8928665000.0,6687378000.0,10542000000.0,510100000.0,3257200000.0,725000000.0,160874200000.0,0.2887406786145599,0.2736448593162766,1.4908924102246843,1.4475759961755856,0.4714961872084549,,0.0717663285076116,80.7327974906881,0.0767952166850174,2532200000.0,0.08900902674278,0.1768387970227668,72.04761904761905,14.142857142857142,8.571428571428571,5.0,5.0,14.571428571428571,3.5714285714285716,1.380952380952381,11.285714285714285,3.3809523809523814,4.285714285714286,0.8571428571428572,"You are a top-tier equity research analyst for the Indian Stock Market.

**Task**: Write a concise, high-impact investment thesis for **AIIL** (Rank #7 in our Top 50 Fundamental Model).

**Quantitative Profile**:
- **Profitability**: ROE: 28.9%, ROCE: 27.4%
- **Growth (3Y CAGR)**: Sales: 47.1%, Profit: N/A
- **Financial Health**: Debt/Equity: 0.07
- **Cash Flow**: FCF Margin: 8.9%

**Instructions**:
1. **Headline**: Start with a catchy 1-sentence hook about why this company is a winner.
2. **Analysis**: Briefly synthesis the metrics. Is it a ""Growth Machine"" (high CAGR) or a ""Cash Cow"" (high ROCE/FCF)?
3. **Verdict**: Justify its inclusion in the Top 50.

**Output Format**: 
Plain text, max 3-4 sentences. Professional tone."
ADANIPORTS,110923100000.0,624353900000.0,157163000000.0,1143462400000.0,304753300000.0,169790800000.0,48860300000.0,513048200000.0,26866800000.0,172262800000.0,80489200000.0,1353322300000.0,0.1776606184409195,0.1374448342157993,0.3639766985295975,0.5157056543768352,0.2152848599466101,0.3142821909647357,0.8217265880776912,5.849710423273334,1.5529930194882762,91773600000.0,0.301140627517405,0.2251890033881803,70.95238095238095,11.857142857142856,5.904761904761905,4.666666666666667,4.476190476190476,11.571428571428571,9.333333333333334,3.7142857142857144,14.571428571428571,1.2380952380952381,2.714285714285714,0.9047619047619048,"You are a top-tier equity research analyst for the Indian Stock Market.

**Task**: Write a concise, high-impact investment thesis for **ADANIPORTS** (Rank #8 in our Top 50 Fundamental Model).

**Quantitative Profile**:
- **Profitability**: ROE: 17.8%, ROCE: 13.7%
- **Growth (3Y CAGR)**: Sales: 21.5%, Profit: 31.4%
- **Financial Health**: Debt/Equity: 0.82
- **Cash Flow**: FCF Margin: 30.1%

**Instructions**:
1. **Headline**: Start with a catchy 1-sentence hook about why this company is a winner.
2. **Analysis**: Briefly synthesis the metrics. Is it a ""Growth Machine"" (high CAGR) or a ""Cash Cow"" (high ROCE/FCF)?
3. **Verdict**: Justify its inclusion in the Top 50.

**Output Format**: 
Plain text, max 3-4 sentences. Professional tone."
ABB,18716400000.0,70754000000.0,25286600000.0,71173700000.0,120876700000.0,68640200000.0,5197100000.0,518800000.0,154000000.0,13318000000.0,2139500000.0,123913300000.0,0.2645278005483789,0.3552801104902513,0.1548387737256228,0.2091933350265187,0.2075951262611677,,0.0073324476354693,164.1987012987013,0.7115684640208587,11178500000.0,0.0924785339110018,0.9754941559945542,70.14285714285714,13.857142857142858,9.047619047619047,3.428571428571429,3.2857142857142856,10.714285714285715,3.5714285714285716,2.1904761904761907,11.428571428571427,4.476190476190476,4.523809523809524,3.619047619047619,"You are a top-tier equity research analyst for the Indian Stock Market.

**Task**: Write a concise, high-impact investment thesis for **ABB** (Rank #9 in our Top 50 Fundamental Model).

**Quantitative Profile**:
- **Profitability**: ROE: 26.5%, ROCE: 35.5%
- **Growth (3Y CAGR)**: Sales: 20.8%, Profit: N/A
- **Financial Health**: Debt/Equity: 0.01
- **Cash Flow**: FCF Margin: 9.2%

**Instructions**:
1. **Headline**: Start with a catchy 1-sentence hook about why this company is a winner.
2. **Analysis**: Briefly synthesis the metrics. Is it a ""Growth Machine"" (high CAGR) or a ""Cash Cow"" (high ROCE/FCF)?
3. **Verdict**: Justify its inclusion in the Top 50.

**Output Format**: 
Plain text, max 3-4 sentences. Professional tone."
ACE,4092186000.0,16147255000.0,5777722000.0,16293381000.0,33245835000.0,16295800000.0,1050200000.0,164367000.0,286524000.0,4119842000.0,2209976000.0,27108470000.0,0.2534292051497298,0.3546054683186995,0.1230886816348574,0.1737878444021634,0.2682956991704406,,0.0101792533777412,20.16487973084279,1.0067582460816786,1909866000.0,0.0574467749118047,1.2264002726823018,69.61904761904762,13.285714285714285,8.952380952380953,3.0,2.8571428571428568,12.428571428571429,3.5714285714285716,2.8571428571428568,10.571428571428573,4.2857142857142865,3.5714285714285716,4.238095238095238,"You are a top-tier equity research analyst for the Indian Stock Market.

**Task**: Write a concise, high-impact investment thesis for **ACE** (Rank #10 in our Top 50 Fundamental Model).

**Quantitative Profile**:
- **Profitability**: ROE: 25.3%, ROCE: 35.5%
- **Growth (3Y CAGR)**: Sales: 26.8%, Profit: N/A
- **Financial Health**: Debt/Equity: 0.01
- **Cash Flow**: FCF Margin: 5.7%

**Instructions**:
1. **Headline**: Start with a catchy 1-sentence hook about why this company is a winner.
2. **Analysis**: Briefly synthesis the metrics. Is it a ""Growth Machine"" (high CAGR) or a ""Cash Cow"" (high ROCE/FCF)?
3. **Verdict**: Justify its inclusion in the Top 50.

**Output Format**: 
Plain text, max 3-4 sentences. Professional tone."
AJANTPHARM,9203900000.0,37902900000.0,12098900000.0,40188500000.0,45875100000.0,32841300000.0,7126800000.0,474200000.0,207300000.0,11572300000.0,3179200000.0,50149500000.0,0.2428283851631405,0.3010537840426988,0.2006295354124568,0.2637356648813844,0.117855225519361,,0.0125109160512783,58.36420646406175,1.2573256988885146,8393100000.0,0.1829554594976359,0.91476684712709,69.0952380952381,13.0,8.761904761904763,4.0,3.6666666666666665,7.428571428571429,3.5714285714285716,3.3809523809523814,13.571428571428571,4.238095238095238,4.0476190476190474,3.428571428571429,"You are a top-tier equity research analyst for the Indian Stock Market.

**Task**: Write a concise, high-impact investment thesis for **AJANTPHARM** (Rank #11 in our Top 50 Fundamental Model).

**Quantitative Profile**:
- **Profitability**: ROE: 24.3%, ROCE: 30.1%
- **Growth (3Y CAGR)**: Sales: 11.8%, Profit: N/A
- **Financial Health**: Debt/Equity: 0.01
- **Cash Flow**: FCF Margin: 18.3%

**Instructions**:
1. **Headline**: Start with a catchy 1-sentence hook about why this company is a winner.
2. **Analysis**: Briefly synthesis the metrics. Is it a ""Growth Machine"" (high CAGR) or a ""Cash Cow"" (high ROCE/FCF)?
3. **Verdict**: Justify its inclusion in the Top 50.

**Output Format**: 
Plain text, max 3-4 sentences. Professional tone."
ABBOTINDIA,14144400000.0,42331500000.0,18983800000.0,45101200000.0,64069700000.0,49103000000.0,7987000000.0,1966700000.0,114300000.0,10118400000.0,526000000.0,59173100000.0,0.3341341554161794,0.4209156297393417,0.2207658222217366,0.2962991866670204,0.0927350863398008,,0.0464594923402194,166.08748906386705,0.7153643844913888,9592400000.0,0.1497181975255073,1.0827504389663547,69.0,14.571428571428571,9.809523809523808,4.190476190476191,3.857142857142857,6.142857142857142,3.5714285714285716,2.2857142857142856,12.428571428571429,3.619047619047619,4.571428571428571,3.952380952380952,"You are a top-tier equity research analyst for the Indian Stock Market.

**Task**: Write a concise, high-impact investment thesis for **ABBOTINDIA** (Rank #12 in our Top 50 Fundamental Model).

**Quantitative Profile**:
- **Profitability**: ROE: 33.4%, ROCE: 42.1%
- **Growth (3Y CAGR)**: Sales: 9.3%, Profit: N/A
- **Financial Health**: Debt/Equity: 0.05
- **Cash Flow**: FCF Margin: 15.0%

**Instructions**:
1. **Headline**: Start with a catchy 1-sentence hook about why this company is a winner.
2. **Analysis**: Briefly synthesis the metrics. Is it a ""Growth Machine"" (high CAGR) or a ""Cash Cow"" (high ROCE/FCF)?
3. **Verdict**: Justify its inclusion in the Top 50.

**Output Format**: 
Plain text, max 3-4 sentences. Professional tone."
AJAXENGG,2600960000.0,11571370000.0,3513110000.0,11687660000.0,20717980000.0,7619640000.0,662080000.0,17680000.0,4290000.0,427200000.0,234520000.0,14824500000.0,0.2247754587399763,0.3005828369408418,0.1255411965838368,0.1695681721866707,0.3957393375241675,,0.0015279089684281,818.9067599067599,0.1642470472440945,192680000.0,0.0093001344725692,1.3975500016863975,68.85714285714286,12.428571428571429,8.666666666666668,3.0952380952380953,2.8095238095238093,14.285714285714285,3.5714285714285716,1.523809523809524,8.285714285714286,4.714285714285714,5.0,4.476190476190476,"You are a top-tier equity research analyst for the Indian Stock Market.

**Task**: Write a concise, high-impact investment thesis for **AJAXENGG** (Rank #13 in our Top 50 Fundamental Model).

**Quantitative Profile**:
- **Profitability**: ROE: 22.5%, ROCE: 30.1%
- **Growth (3Y CAGR)**: Sales: 39.6%, Profit: N/A
- **Financial Health**: Debt/Equity: 0.00
- **Cash Flow**: FCF Margin: 0.9%

**Instructions**:
1. **Headline**: Start with a catchy 1-sentence hook about why this company is a winner.
2. **Analysis**: Briefly synthesis the metrics. Is it a ""Growth Machine"" (high CAGR) or a ""Cash Cow"" (high ROCE/FCF)?
3. **Verdict**: Justify its inclusion in the Top 50.

**Output Format**: 
Plain text, max 3-4 sentences. Professional tone."
ABSLAMC,9306000000.0,37268700000.0,12502000000.0,38563800000.0,16847800000.0,12929616000.0,6727718000.0,680600000.0,56600000.0,7084800000.0,312800000.0,41144300000.0,0.2497001505284595,0.3241900435123094,0.5523569842946854,0.7420553425373045,0.0922427998974746,,0.0182619731839318,220.8833922261484,0.7613152804642166,6772000000.0,0.4019515901185911,0.4094807786254718,68.76190476190476,13.142857142857142,8.857142857142858,4.809523809523809,4.714285714285714,6.0,3.5714285714285716,2.5238095238095237,14.857142857142858,4.142857142857142,4.714285714285714,1.4285714285714284,"You are a top-tier equity research analyst for the Indian Stock Market.

**Task**: Write a concise, high-impact investment thesis for **ABSLAMC** (Rank #14 in our Top 50 Fundamental Model).

**Quantitative Profile**:
- **Profitability**: ROE: 25.0%, ROCE: 32.4%
- **Growth (3Y CAGR)**: Sales: 9.2%, Profit: N/A
- **Financial Health**: Debt/Equity: 0.02
- **Cash Flow**: FCF Margin: 40.2%

**Instructions**:
1. **Headline**: Start with a catchy 1-sentence hook about why this company is a winner.
2. **Analysis**: Briefly synthesis the metrics. Is it a ""Growth Machine"" (high CAGR) or a ""Cash Cow"" (high ROCE/FCF)?
3. **Verdict**: Justify its inclusion in the Top 50.

**Output Format**: 
Plain text, max 3-4 sentences. Professional tone."
AARON,82432000.0,430297000.0,130860000.0,631350000.0,778664000.0,377292000.0,37092000.0,318567000.0,12224000.0,86325000.0,79889000.0,828242000.0,0.1915700086219518,0.2072701354240912,0.1058633762444392,0.1680570823872684,0.2731830062377873,0.3049840250620275,0.7403421357806352,10.705170157068062,1.0472268051242235,6436000.0,0.0082654392652029,0.940140683520034,66.57142857142857,12.142857142857142,7.904761904761904,2.8571428571428568,2.714285714285714,12.571428571428571,9.142857142857142,2.9523809523809526,8.0,1.4285714285714284,3.333333333333333,3.523809523809524,"You are a top-tier equity research analyst for the Indian Stock Market.

**Task**: Write a concise, high-impact investment thesis for **AARON** (Rank #15 in our Top 50 Fundamental Model).

**Quantitative Profile**:
- **Profitability**: ROE: 19.2%, ROCE: 20.7%
- **Growth (3Y CAGR)**: Sales: 27.3%, Profit: 30.5%
- **Financial Health**: Debt/Equity: 0.74
- **Cash Flow**: FCF Margin: 0.8%

**Instructions**:
1. **Headline**: Start with a catchy 1-sentence hook about why this company is a winner.
2. **Analysis**: Briefly synthesis the metrics. Is it a ""Growth Machine"" (high CAGR) or a ""Cash Cow"" (high ROCE/FCF)?
3. **Verdict**: Justify its inclusion in the Top 50.

**Output Format**: 
Plain text, max 3-4 sentences. Professional tone."
ADOR,600500000.0,5070900000.0,911200000.0,5204100000.0,11178700000.0,6570000000.0,450200000.0,24100000.0,45400000.0,1371100000.0,412700000.0,6939300000.0,0.1184207931530891,0.1750927153590438,0.0537182319947757,0.0815121615214649,0.1938285954905763,0.1007850103090599,0.0047526080183004,20.0704845814978,2.2832639467110742,958400000.0,0.0857344771753424,1.6109261741097805,66.14285714285714,8.571428571428571,7.047619047619048,2.1904761904761907,1.9523809523809523,10.142857142857144,8.380952380952381,3.9047619047619047,11.142857142857142,4.571428571428571,3.523809523809524,4.714285714285714,"You are a top-tier equity research analyst for the Indian Stock Market.

**Task**: Write a concise, high-impact investment thesis for **ADOR** (Rank #16 in our Top 50 Fundamental Model).

**Quantitative Profile**:
- **Profitability**: ROE: 11.8%, ROCE: 17.5%
- **Growth (3Y CAGR)**: Sales: 19.4%, Profit: 10.1%
- **Financial Health**: Debt/Equity: 0.00
- **Cash Flow**: FCF Margin: 8.6%

**Instructions**:
1. **Headline**: Start with a catchy 1-sentence hook about why this company is a winner.
2. **Analysis**: Briefly synthesis the metrics. Is it a ""Growth Machine"" (high CAGR) or a ""Cash Cow"" (high ROCE/FCF)?
3. **Verdict**: Justify its inclusion in the Top 50.

**Output Format**: 
Plain text, max 3-4 sentences. Professional tone."
3MINDIA,4760674000.0,18464969000.0,7842089000.0,19716359000.0,44428602000.0,33339389000.0,2719711000.0,995353000.0,108023000.0,3551044000.0,554202000.0,30145917000.0,0.2578219329802286,0.3977452936416911,0.1071533603510639,0.1765099203436561,0.1004449890136458,,0.0539049375062584,72.59647482480582,0.7459120284228662,2996842000.0,0.067452988955178,1.4737850568619293,65.23809523809523,13.714285714285714,9.523809523809524,2.904761904761905,2.9523809523809526,6.857142857142857,3.5714285714285716,2.4761904761904763,10.857142857142858,3.5238095238095237,4.238095238095238,4.6190476190476195,"You are a top-tier equity research analyst for the Indian Stock Market.

**Task**: Write a concise, high-impact investment thesis for **3MINDIA** (Rank #17 in our Top 50 Fundamental Model).

**Quantitative Profile**:
- **Profitability**: ROE: 25.8%, ROCE: 39.8%
- **Growth (3Y CAGR)**: Sales: 10.0%, Profit: N/A
- **Financial Health**: Debt/Equity: 0.05
- **Cash Flow**: FCF Margin: 6.7%

**Instructions**:
1. **Headline**: Start with a catchy 1-sentence hook about why this company is a winner.
2. **Analysis**: Briefly synthesis the metrics. Is it a ""Growth Machine"" (high CAGR) or a ""Cash Cow"" (high ROCE/FCF)?
3. **Verdict**: Justify its inclusion in the Top 50.

**Output Format**: 
Plain text, max 3-4 sentences. Professional tone."
AFFLE,3818690000.0,29464570000.0,4769740000.0,29931330000.0,22654990000.0,10816560000.0,2138780000.0,820950000.0,93370000.0,4259910000.0,1599020000.0,36217700000.0,0.1296027737720251,0.1593560994449628,0.1685584500368351,0.2105381639983067,0.2794546697190707,,0.0278622766257915,51.084288315304704,1.115542240925553,2660890000.0,0.1174527113011305,0.6255226035888529,64.42857142857143,9.571428571428571,6.3809523809523805,3.6666666666666665,3.333333333333333,12.714285714285714,3.5714285714285716,3.1904761904761902,12.0,3.9047619047619047,3.9047619047619047,2.1904761904761907,"You are a top-tier equity research analyst for the Indian Stock Market.

**Task**: Write a concise, high-impact investment thesis for **AFFLE** (Rank #18 in our Top 50 Fundamental Model).

**Quantitative Profile**:
- **Profitability**: ROE: 13.0%, ROCE: 15.9%
- **Growth (3Y CAGR)**: Sales: 27.9%, Profit: N/A
- **Financial Health**: Debt/Equity: 0.03
- **Cash Flow**: FCF Margin: 11.7%

**Instructions**:
1. **Headline**: Start with a catchy 1-sentence hook about why this company is a winner.
2. **Analysis**: Briefly synthesis the metrics. Is it a ""Growth Machine"" (high CAGR) or a ""Cash Cow"" (high ROCE/FCF)?
3. **Verdict**: Justify its inclusion in the Top 50.

**Output Format**: 
Plain text, max 3-4 sentences. Professional tone."
ALEMBICLTD,3106768000.0,23385908000.0,1579736000.0,23925333000.0,2111813000.0,713693000.0,2220590000.0,144473000.0,24711000.0,863702000.0,507655000.0,25030036000.0,0.1328478671856572,0.0660277539292765,1.471137832753184,0.7480472939602133,0.4356481223478274,,0.0061777802255956,63.92845291570556,0.2780065972097048,356047000.0,0.168597787777611,0.0843711531217933,64.23809523809524,9.857142857142858,3.142857142857143,4.9523809523809526,4.761904761904762,14.428571428571429,3.5714285714285716,1.619047619047619,12.857142857142856,4.523809523809524,4.142857142857143,0.380952380952381,"You are a top-tier equity research analyst for the Indian Stock Market.

**Task**: Write a concise, high-impact investment thesis for **ALEMBICLTD** (Rank #19 in our Top 50 Fundamental Model).

**Quantitative Profile**:
- **Profitability**: ROE: 13.3%, ROCE: 6.6%
- **Growth (3Y CAGR)**: Sales: 43.6%, Profit: N/A
- **Financial Health**: Debt/Equity: 0.01
- **Cash Flow**: FCF Margin: 16.9%

**Instructions**:
1. **Headline**: Start with a catchy 1-sentence hook about why this company is a winner.
2. **Analysis**: Briefly synthesis the metrics. Is it a ""Growth Machine"" (high CAGR) or a ""Cash Cow"" (high ROCE/FCF)?
3. **Verdict**: Justify its inclusion in the Top 50.

**Output Format**: 
Plain text, max 3-4 sentences. Professional tone."
AKZOINDIA,4295000000.0,13302000000.0,5790000000.0,14533000000.0,40648000000.0,31087000000.0,2901000000.0,621000000.0,91000000.0,3110000000.0,1065000000.0,29034000000.0,0.3228837768756578,0.3984036331108511,0.1056632552647116,0.1424424325920094,0.0935033627079744,,0.0466847090663058,63.62637362637363,0.7240977881257276,2045000000.0,0.0503099783507183,1.4000137769511607,64.19047619047619,14.285714285714285,9.619047619047619,2.8095238095238093,2.5238095238095237,6.571428571428571,3.5714285714285716,2.3333333333333335,10.285714285714286,3.5714285714285716,4.095238095238095,4.523809523809524,"You are a top-tier equity research analyst for the Indian Stock Market.

**Task**: Write a concise, high-impact investment thesis for **AKZOINDIA** (Rank #20 in our Top 50 Fundamental Model).

**Quantitative Profile**:
- **Profitability**: ROE: 32.3%, ROCE: 39.8%
- **Growth (3Y CAGR)**: Sales: 9.4%, Profit: N/A
- **Financial Health**: Debt/Equity: 0.05
- **Cash Flow**: FCF Margin: 5.0%

**Instructions**:
1. **Headline**: Start with a catchy 1-sentence hook about why this company is a winner.
2. **Analysis**: Briefly synthesis the metrics. Is it a ""Growth Machine"" (high CAGR) or a ""Cash Cow"" (high ROCE/FCF)?
3. **Verdict**: Justify its inclusion in the Top 50.

**Output Format**: 
Plain text, max 3-4 sentences. Professional tone."
ADVANCE,256380000.0,1008730000.0,420500000.0,1165160000.0,5019190000.0,2507460000.0,89890000.0,804520000.0,68500000.0,57130000.0,336060000.0,3514720000.0,0.2541611729600587,0.3608946410793367,0.0510799551322026,0.0837784582771323,0.2602785389271733,0.4181568082588986,0.7975573245566207,6.138686131386861,0.2228332943287307,-278930000.0,-0.0555727119316065,1.4280483224837257,63.76190476190476,13.428571428571429,9.142857142857142,2.142857142857143,2.0952380952380953,11.857142857142856,9.714285714285714,1.5714285714285714,5.142857142857143,1.2857142857142856,2.8095238095238093,4.571428571428571,"You are a top-tier equity research analyst for the Indian Stock Market.

**Task**: Write a concise, high-impact investment thesis for **ADVANCE** (Rank #21 in our Top 50 Fundamental Model).

**Quantitative Profile**:
- **Profitability**: ROE: 25.4%, ROCE: 36.1%
- **Growth (3Y CAGR)**: Sales: 26.0%, Profit: 41.8%
- **Financial Health**: Debt/Equity: 0.80
- **Cash Flow**: FCF Margin: -5.6%

**Instructions**:
1. **Headline**: Start with a catchy 1-sentence hook about why this company is a winner.
2. **Analysis**: Briefly synthesis the metrics. Is it a ""Growth Machine"" (high CAGR) or a ""Cash Cow"" (high ROCE/FCF)?
3. **Verdict**: Justify its inclusion in the Top 50.

**Output Format**: 
Plain text, max 3-4 sentences. Professional tone."
AGI,3224106000.0,20977259000.0,5092798000.0,27529415000.0,25288220000.0,14120690000.0,1932984000.0,5527625000.0,824705000.0,4285506000.0,2539059000.0,34962115000.0,0.1536952945091634,0.1849947774044599,0.1274943827600361,0.2013901334297154,0.2143786242989527,,0.2635055895529535,6.175296621216071,1.3292075384618247,1746447000.0,0.0690616816841992,0.7233034957982376,62.857142857142854,11.571428571428571,7.238095238095238,3.142857142857143,3.238095238095238,11.428571428571427,3.5714285714285716,3.428571428571429,11.0,2.571428571428571,2.8571428571428568,2.8095238095238093,"You are a top-tier equity research analyst for the Indian Stock Market.

**Task**: Write a concise, high-impact investment thesis for **AGI** (Rank #22 in our Top 50 Fundamental Model).

**Quantitative Profile**:
- **Profitability**: ROE: 15.4%, ROCE: 18.5%
- **Growth (3Y CAGR)**: Sales: 21.4%, Profit: N/A
- **Financial Health**: Debt/Equity: 0.26
- **Cash Flow**: FCF Margin: 6.9%

**Instructions**:
1. **Headline**: Start with a catchy 1-sentence hook about why this company is a winner.
2. **Analysis**: Briefly synthesis the metrics. Is it a ""Growth Machine"" (high CAGR) or a ""Cash Cow"" (high ROCE/FCF)?
3. **Verdict**: Justify its inclusion in the Top 50.

**Output Format**: 
Plain text, max 3-4 sentences. Professional tone."
AIAENG,10607360000.0,69269984000.0,13895215000.0,70461916000.0,42376384000.0,35231634000.0,6196809000.0,4905682000.0,210913000.0,11623070000.0,1370658000.0,78340737000.0,0.1531306835584082,0.197201776346814,0.2503130045262946,0.3278999690016024,0.0634825540483912,,0.0708197362944388,65.88126383864437,1.0957552114758056,10252412000.0,0.2419369241132042,0.5409239895202926,62.42857142857143,11.285714285714285,7.523809523809524,4.333333333333334,3.952380952380952,4.857142857142858,3.5714285714285716,3.0952380952380953,14.285714285714285,3.428571428571429,4.190476190476191,1.9047619047619047,"You are a top-tier equity research analyst for the Indian Stock Market.

**Task**: Write a concise, high-impact investment thesis for **AIAENG** (Rank #23 in our Top 50 Fundamental Model).

**Quantitative Profile**:
- **Profitability**: ROE: 15.3%, ROCE: 19.7%
- **Growth (3Y CAGR)**: Sales: 6.3%, Profit: N/A
- **Financial Health**: Debt/Equity: 0.07
- **Cash Flow**: FCF Margin: 24.2%

**Instructions**:
1. **Headline**: Start with a catchy 1-sentence hook about why this company is a winner.
2. **Analysis**: Briefly synthesis the metrics. Is it a ""Growth Machine"" (high CAGR) or a ""Cash Cow"" (high ROCE/FCF)?
3. **Verdict**: Justify its inclusion in the Top 50.

**Output Format**: 
Plain text, max 3-4 sentences. Professional tone."
ALIVUS,4856270000.0,28173720000.0,6565450000.0,29412940000.0,23398350000.0,20874480000.0,4187240000.0,566060000.0,24140000.0,3915240000.0,1661870000.0,34114530000.0,0.1723687890700979,0.2232163802734443,0.2075475407453944,0.2805945718394673,0.038779066448582,,0.0200917734683243,271.9739022369511,0.8062237066719932,2253370000.0,0.0963046539606425,0.6858763699807677,61.23809523809523,11.714285714285714,8.19047619047619,4.142857142857143,3.8095238095238093,4.142857142857143,3.5714285714285716,2.6666666666666665,11.571428571428571,4.095238095238095,4.761904761904762,2.571428571428571,"You are a top-tier equity research analyst for the Indian Stock Market.

**Task**: Write a concise, high-impact investment thesis for **ALIVUS** (Rank #24 in our Top 50 Fundamental Model).

**Quantitative Profile**:
- **Profitability**: ROE: 17.2%, ROCE: 22.3%
- **Growth (3Y CAGR)**: Sales: 3.9%, Profit: N/A
- **Financial Health**: Debt/Equity: 0.02
- **Cash Flow**: FCF Margin: 9.6%

**Instructions**:
1. **Headline**: Start with a catchy 1-sentence hook about why this company is a winner.
2. **Analysis**: Briefly synthesis the metrics. Is it a ""Growth Machine"" (high CAGR) or a ""Cash Cow"" (high ROCE/FCF)?
3. **Verdict**: Justify its inclusion in the Top 50.

**Output Format**: 
Plain text, max 3-4 sentences. Professional tone."
AEROFLEX,525076000.0,3424162000.0,702845000.0,3443075000.0,3665869000.0,2329870000.0,275060000.0,5835000.0,3364000.0,265839000.0,1034628000.0,4265511000.0,0.1533443803184545,0.2041329334969467,0.1432337052960703,0.1917267092741175,0.1630947194957477,0.2405042118700497,0.0017040665716166,208.93133174791916,0.5062867089716536,-768789000.0,-0.209715349893845,0.8594208290636222,61.047619047619044,11.428571428571427,7.809523809523809,3.333333333333333,3.142857142857143,9.0,8.857142857142858,1.8095238095238095,3.142857142857143,4.666666666666667,4.666666666666667,3.1904761904761902,"You are a top-tier equity research analyst for the Indian Stock Market.

**Task**: Write a concise, high-impact investment thesis for **AEROFLEX** (Rank #25 in our Top 50 Fundamental Model).

**Quantitative Profile**:
- **Profitability**: ROE: 15.3%, ROCE: 20.4%
- **Growth (3Y CAGR)**: Sales: 16.3%, Profit: 24.1%
- **Financial Health**: Debt/Equity: 0.00
- **Cash Flow**: FCF Margin: -21.0%

**Instructions**:
1. **Headline**: Start with a catchy 1-sentence hook about why this company is a winner.
2. **Analysis**: Briefly synthesis the metrics. Is it a ""Growth Machine"" (high CAGR) or a ""Cash Cow"" (high ROCE/FCF)?
3. **Verdict**: Justify its inclusion in the Top 50.

**Output Format**: 
Plain text, max 3-4 sentences. Professional tone."
ACUTAAS,1587136000.0,13096287000.0,2223814000.0,13470137000.0,9999668000.0,5201350000.0,719461000.0,129387000.0,62184000.0,1183427000.0,1946429000.0,15492611000.0,0.1211897692834618,0.1650921590478255,0.1587188694664663,0.2223887833076058,0.24343522875896,0.3017741057713399,0.0098796704745398,35.76183584201724,0.7456367948304368,-763002000.0,-0.0763027332507439,0.645447562066846,60.85714285714287,8.857142857142858,6.666666666666666,3.5714285714285716,3.428571428571429,11.714285714285714,9.047619047619047,2.4285714285714284,4.714285714285714,4.333333333333334,3.8095238095238093,2.2857142857142856,"You are a top-tier equity research analyst for the Indian Stock Market.

**Task**: Write a concise, high-impact investment thesis for **ACUTAAS** (Rank #26 in our Top 50 Fundamental Model).

**Quantitative Profile**:
- **Profitability**: ROE: 12.1%, ROCE: 16.5%
- **Growth (3Y CAGR)**: Sales: 24.3%, Profit: 30.2%
- **Financial Health**: Debt/Equity: 0.01
- **Cash Flow**: FCF Margin: -7.6%

**Instructions**:
1. **Headline**: Start with a catchy 1-sentence hook about why this company is a winner.
2. **Analysis**: Briefly synthesis the metrics. Is it a ""Growth Machine"" (high CAGR) or a ""Cash Cow"" (high ROCE/FCF)?
3. **Verdict**: Justify its inclusion in the Top 50.

**Output Format**: 
Plain text, max 3-4 sentences. Professional tone."
AARTIPHARM,2724048000.0,19899064000.0,3875859000.0,22493556000.0,20860021000.0,11920336000.0,1222511000.0,4208179000.0,268964000.0,3315615000.0,4438784000.0,29064051000.0,0.1368932729700251,0.1723097495122603,0.1305870209814266,0.1858032165931185,0.2050602138667325,0.3061327731559424,0.2114762282286242,14.410326289020093,1.2171646755123258,-1123169000.0,-0.053843138508825,0.7177258600323816,60.85714285714286,10.0,6.9523809523809526,3.238095238095238,3.0952380952380953,10.428571428571429,9.238095238095239,3.333333333333333,5.428571428571429,2.9523809523809526,3.428571428571429,2.761904761904762,"You are a top-tier equity research analyst for the Indian Stock Market.

**Task**: Write a concise, high-impact investment thesis for **AARTIPHARM** (Rank #27 in our Top 50 Fundamental Model).

**Quantitative Profile**:
- **Profitability**: ROE: 13.7%, ROCE: 17.2%
- **Growth (3Y CAGR)**: Sales: 20.5%, Profit: 30.6%
- **Financial Health**: Debt/Equity: 0.21
- **Cash Flow**: FCF Margin: -5.4%

**Instructions**:
1. **Headline**: Start with a catchy 1-sentence hook about why this company is a winner.
2. **Analysis**: Briefly synthesis the metrics. Is it a ""Growth Machine"" (high CAGR) or a ""Cash Cow"" (high ROCE/FCF)?
3. **Verdict**: Justify its inclusion in the Top 50.

**Output Format**: 
Plain text, max 3-4 sentences. Professional tone."
AEROENTER,531200000.0,7007219000.0,1143864000.0,8467861000.0,5785377000.0,3376238000.0,355438000.0,310665000.0,54173000.0,1396495000.0,1044252000.0,9751019000.0,0.0758075350577739,0.1350829920330529,0.0918176983107583,0.1977164150236017,0.1966474059475933,0.1433119337063997,0.0443349922415725,21.115020397615048,2.6289439006024096,352243000.0,0.0608850555460776,0.5933099914993499,60.285714285714285,5.7142857142857135,5.7142857142857135,2.714285714285714,3.1904761904761902,10.285714285714286,8.571428571428571,4.095238095238095,10.714285714285715,3.666666666666667,3.619047619047619,2.0,"You are a top-tier equity research analyst for the Indian Stock Market.

**Task**: Write a concise, high-impact investment thesis for **AEROENTER** (Rank #28 in our Top 50 Fundamental Model).

**Quantitative Profile**:
- **Profitability**: ROE: 7.6%, ROCE: 13.5%
- **Growth (3Y CAGR)**: Sales: 19.7%, Profit: 14.3%
- **Financial Health**: Debt/Equity: 0.04
- **Cash Flow**: FCF Margin: 6.1%

**Instructions**:
1. **Headline**: Start with a catchy 1-sentence hook about why this company is a winner.
2. **Analysis**: Briefly synthesis the metrics. Is it a ""Growth Machine"" (high CAGR) or a ""Cash Cow"" (high ROCE/FCF)?
3. **Verdict**: Justify its inclusion in the Top 50.

**Output Format**: 
Plain text, max 3-4 sentences. Professional tone."
ADVENZYMES,1311150000.0,14208630000.0,1909210000.0,15245920000.0,6365070000.0,5289040000.0,1195820000.0,393500000.0,35570000.0,1424970000.0,347810000.0,16213470000.0,0.09227842515429,0.1252276018764364,0.2059914502118594,0.2999511395789834,0.0636745728547554,0.0311666426818655,0.0276944364094215,53.674725892606126,1.0868092895549708,1077160000.0,0.1692298749267486,0.3925791332762203,58.857142857142854,7.285714285714286,5.238095238095238,4.095238095238095,3.9047619047619047,5.0,8.0,3.0,13.0,3.952380952380952,4.0,1.380952380952381,"You are a top-tier equity research analyst for the Indian Stock Market.

**Task**: Write a concise, high-impact investment thesis for **ADVENZYMES** (Rank #29 in our Top 50 Fundamental Model).

**Quantitative Profile**:
- **Profitability**: ROE: 9.2%, ROCE: 12.5%
- **Growth (3Y CAGR)**: Sales: 6.4%, Profit: 3.1%
- **Financial Health**: Debt/Equity: 0.03
- **Cash Flow**: FCF Margin: 16.9%

**Instructions**:
1. **Headline**: Start with a catchy 1-sentence hook about why this company is a winner.
2. **Analysis**: Briefly synthesis the metrics. Is it a ""Growth Machine"" (high CAGR) or a ""Cash Cow"" (high ROCE/FCF)?
3. **Verdict**: Justify its inclusion in the Top 50.

**Output Format**: 
Plain text, max 3-4 sentences. Professional tone."
ADFFOODS,692557000.0,4926606000.0,941768000.0,5589221000.0,5580117000.0,4057961000.0,480981000.0,592336000.0,25761000.0,374157000.0,412382000.0,6281978000.0,0.1405748704077411,0.1684971841335313,0.124111555367029,0.1687720884705464,0.1120179870117441,0.1292129951589906,0.1202320623975207,36.55789759714297,0.5402544483703147,-38225000.0,-0.0068502147894031,0.8882738844357622,58.476190476190474,10.142857142857144,6.857142857142858,3.047619047619048,2.761904761904762,7.142857142857142,8.476190476190476,1.9523809523809523,7.7142857142857135,3.1904761904761902,3.857142857142857,3.333333333333333,"You are a top-tier equity research analyst for the Indian Stock Market.

**Task**: Write a concise, high-impact investment thesis for **ADFFOODS** (Rank #30 in our Top 50 Fundamental Model).

**Quantitative Profile**:
- **Profitability**: ROE: 14.1%, ROCE: 16.8%
- **Growth (3Y CAGR)**: Sales: 11.2%, Profit: 12.9%
- **Financial Health**: Debt/Equity: 0.12
- **Cash Flow**: FCF Margin: -0.7%

**Instructions**:
1. **Headline**: Start with a catchy 1-sentence hook about why this company is a winner.
2. **Analysis**: Briefly synthesis the metrics. Is it a ""Growth Machine"" (high CAGR) or a ""Cash Cow"" (high ROCE/FCF)?
3. **Verdict**: Justify its inclusion in the Top 50.

**Output Format**: 
Plain text, max 3-4 sentences. Professional tone."
AIRAN,184755000.0,1443069000.0,237997000.0,1623737000.0,1064984000.0,872822000.0,96147000.0,22793000.0,844000.0,212180000.0,54089000.0,1788738000.0,0.1280292210559578,0.1465736138303185,0.1734814795339648,0.2234747188690158,0.0685769443124717,,0.015794809534402,281.9869668246445,1.1484398257151365,158091000.0,0.1484444836729941,0.5953828900599193,58.142857142857146,9.285714285714286,6.190476190476191,3.8095238095238093,3.4761904761904763,5.142857142857143,3.5714285714285716,3.2857142857142856,12.285714285714285,4.190476190476191,4.809523809523809,2.0952380952380953,"You are a top-tier equity research analyst for the Indian Stock Market.

**Task**: Write a concise, high-impact investment thesis for **AIRAN** (Rank #31 in our Top 50 Fundamental Model).

**Quantitative Profile**:
- **Profitability**: ROE: 12.8%, ROCE: 14.7%
- **Growth (3Y CAGR)**: Sales: 6.9%, Profit: N/A
- **Financial Health**: Debt/Equity: 0.02
- **Cash Flow**: FCF Margin: 14.8%

**Instructions**:
1. **Headline**: Start with a catchy 1-sentence hook about why this company is a winner.
2. **Analysis**: Briefly synthesis the metrics. Is it a ""Growth Machine"" (high CAGR) or a ""Cash Cow"" (high ROCE/FCF)?
3. **Verdict**: Justify its inclusion in the Top 50.

**Output Format**: 
Plain text, max 3-4 sentences. Professional tone."
AHCL,205179000.0,804217000.0,306580000.0,1212476000.0,1202866000.0,571427000.0,-1077000.0,665544000.0,37698000.0,-225517000.0,5293000.0,1812999000.0,0.2551289017765105,0.252854489490926,0.1705751097794766,0.2548746078116764,0.2815990125427761,,0.827567683846524,8.132526924505278,-1.0991232046164567,-230810000.0,-0.1918833851817243,0.6634675474172903,56.761904761904766,13.571428571428571,8.476190476190476,3.7142857142857144,3.5714285714285716,13.0,3.5714285714285716,0.761904761904762,3.4285714285714284,1.1904761904761907,3.142857142857143,2.3333333333333335,"You are a top-tier equity research analyst for the Indian Stock Market.

**Task**: Write a concise, high-impact investment thesis for **AHCL** (Rank #32 in our Top 50 Fundamental Model).

**Quantitative Profile**:
- **Profitability**: ROE: 25.5%, ROCE: 25.3%
- **Growth (3Y CAGR)**: Sales: 28.2%, Profit: N/A
- **Financial Health**: Debt/Equity: 0.83
- **Cash Flow**: FCF Margin: -19.2%

**Instructions**:
1. **Headline**: Start with a catchy 1-sentence hook about why this company is a winner.
2. **Analysis**: Briefly synthesis the metrics. Is it a ""Growth Machine"" (high CAGR) or a ""Cash Cow"" (high ROCE/FCF)?
3. **Verdict**: Justify its inclusion in the Top 50.

**Output Format**: 
Plain text, max 3-4 sentences. Professional tone."
5PAISA,682340000.0,6036420000.0,1094300000.0,6130600000.0,2291570000.0,2159730000.0,137360000.0,2174160000.0,182110000.0,979350000.0,80320000.0,16666280000.0,0.1130371975442398,0.1784980262943268,0.2977609237335102,0.4775328704774456,0.0199476673203198,,0.3601737453656306,6.009005546098512,1.4352815312014535,899030000.0,0.3923205487940582,0.1374973899394466,55.714285714285715,8.285714285714286,7.142857142857143,4.523809523809524,4.428571428571429,3.571428571428571,3.5714285714285716,3.619047619047619,14.714285714285714,2.428571428571429,2.761904761904762,0.6666666666666666,"You are a top-tier equity research analyst for the Indian Stock Market.

**Task**: Write a concise, high-impact investment thesis for **5PAISA** (Rank #33 in our Top 50 Fundamental Model).

**Quantitative Profile**:
- **Profitability**: ROE: 11.3%, ROCE: 17.8%
- **Growth (3Y CAGR)**: Sales: 2.0%, Profit: N/A
- **Financial Health**: Debt/Equity: 0.36
- **Cash Flow**: FCF Margin: 39.2%

**Instructions**:
1. **Headline**: Start with a catchy 1-sentence hook about why this company is a winner.
2. **Analysis**: Briefly synthesis the metrics. Is it a ""Growth Machine"" (high CAGR) or a ""Cash Cow"" (high ROCE/FCF)?
3. **Verdict**: Justify its inclusion in the Top 50.

**Output Format**: 
Plain text, max 3-4 sentences. Professional tone."
AAATECH,35103000.0,308251000.0,47007000.0,308251000.0,254555000.0,144016000.0,23384000.0,0.0,0.0,16553000.0,2589000.0,325543000.0,0.11387797606496,0.1524958556501033,0.1378994716269568,0.1846634322641472,0.2090853597226047,,0.0,,0.4715551377375153,13964000.0,0.0548565143092848,0.7819397130333012,55.66666666666667,8.428571428571429,6.285714285714286,3.2857142857142856,3.047619047619048,11.0,3.5714285714285716,1.7142857142857144,10.428571428571429,4.833333333333333,0.16666666666666666,2.904761904761905,"You are a top-tier equity research analyst for the Indian Stock Market.

**Task**: Write a concise, high-impact investment thesis for **AAATECH** (Rank #34 in our Top 50 Fundamental Model).

**Quantitative Profile**:
- **Profitability**: ROE: 11.4%, ROCE: 15.2%
- **Growth (3Y CAGR)**: Sales: 20.9%, Profit: N/A
- **Financial Health**: Debt/Equity: 0.00
- **Cash Flow**: FCF Margin: 5.5%

**Instructions**:
1. **Headline**: Start with a catchy 1-sentence hook about why this company is a winner.
2. **Analysis**: Briefly synthesis the metrics. Is it a ""Growth Machine"" (high CAGR) or a ""Cash Cow"" (high ROCE/FCF)?
3. **Verdict**: Justify its inclusion in the Top 50.

**Output Format**: 
Plain text, max 3-4 sentences. Professional tone."
ALANKIT,198568000.0,2967193000.0,347751000.0,3287972000.0,3010058000.0,1281484000.0,23565000.0,115216000.0,38282000.0,492436000.0,384866000.0,4245558000.0,0.0669211608412395,0.1057645868030506,0.0659681640685993,0.1155296675346455,0.3292925127957922,,0.038829964886005,9.0839297842328,2.4799363442246487,107570000.0,0.0357368529111399,0.7089899608013834,55.238095238095234,5.2857142857142865,4.666666666666667,2.2857142857142856,2.3333333333333335,14.0,3.5714285714285716,3.952380952380952,9.428571428571429,3.761904761904762,3.238095238095238,2.714285714285714,"You are a top-tier equity research analyst for the Indian Stock Market.

**Task**: Write a concise, high-impact investment thesis for **ALANKIT** (Rank #35 in our Top 50 Fundamental Model).

**Quantitative Profile**:
- **Profitability**: ROE: 6.7%, ROCE: 10.6%
- **Growth (3Y CAGR)**: Sales: 32.9%, Profit: N/A
- **Financial Health**: Debt/Equity: 0.04
- **Cash Flow**: FCF Margin: 3.6%

**Instructions**:
1. **Headline**: Start with a catchy 1-sentence hook about why this company is a winner.
2. **Analysis**: Briefly synthesis the metrics. Is it a ""Growth Machine"" (high CAGR) or a ""Cash Cow"" (high ROCE/FCF)?
3. **Verdict**: Justify its inclusion in the Top 50.

**Output Format**: 
Plain text, max 3-4 sentences. Professional tone."
ADSL,278100000.0,6017600000.0,675400000.0,7148900000.0,8070700000.0,4846700000.0,610300000.0,949000000.0,69200000.0,922700000.0,106700000.0,9253500000.0,0.0462144376495612,0.0944760732420372,0.0344579776227588,0.0836854300122666,0.1852819982876667,-0.2304812499296025,0.1577040680670034,9.760115606936417,3.31787126932758,816000000.0,0.1011064715576096,0.87217809477495,55.142857142857146,4.571428571428572,4.190476190476191,1.6666666666666665,2.0476190476190474,9.857142857142858,7.333333333333333,4.142857142857143,11.714285714285714,3.0952380952380953,3.2857142857142856,3.238095238095238,"You are a top-tier equity research analyst for the Indian Stock Market.

**Task**: Write a concise, high-impact investment thesis for **ADSL** (Rank #36 in our Top 50 Fundamental Model).

**Quantitative Profile**:
- **Profitability**: ROE: 4.6%, ROCE: 9.4%
- **Growth (3Y CAGR)**: Sales: 18.5%, Profit: -23.0%
- **Financial Health**: Debt/Equity: 0.16
- **Cash Flow**: FCF Margin: 10.1%

**Instructions**:
1. **Headline**: Start with a catchy 1-sentence hook about why this company is a winner.
2. **Analysis**: Briefly synthesis the metrics. Is it a ""Growth Machine"" (high CAGR) or a ""Cash Cow"" (high ROCE/FCF)?
3. **Verdict**: Justify its inclusion in the Top 50.

**Output Format**: 
Plain text, max 3-4 sentences. Professional tone."
AHLUCONT,2020813000.0,17984474000.0,3132711000.0,22865723000.0,40986231000.0,26711006000.0,1552166000.0,761318000.0,402984000.0,3594264000.0,1887831000.0,37059462000.0,0.1123643093481633,0.1370046772629931,0.0493046799057956,0.0764332538895806,0.1534069912500502,,0.0423319581100898,7.7737850634268355,1.7786227622249065,1706433000.0,0.0416342990893697,1.10595860781789,54.57142857142857,8.142857142857142,5.80952380952381,2.0476190476190474,1.761904761904762,8.714285714285715,3.5714285714285716,3.857142857142857,9.857142857142858,3.7142857142857144,3.0952380952380953,4.0,"You are a top-tier equity research analyst for the Indian Stock Market.

**Task**: Write a concise, high-impact investment thesis for **AHLUCONT** (Rank #37 in our Top 50 Fundamental Model).

**Quantitative Profile**:
- **Profitability**: ROE: 11.2%, ROCE: 13.7%
- **Growth (3Y CAGR)**: Sales: 15.3%, Profit: N/A
- **Financial Health**: Debt/Equity: 0.04
- **Cash Flow**: FCF Margin: 4.2%

**Instructions**:
1. **Headline**: Start with a catchy 1-sentence hook about why this company is a winner.
2. **Analysis**: Briefly synthesis the metrics. Is it a ""Growth Machine"" (high CAGR) or a ""Cash Cow"" (high ROCE/FCF)?
3. **Verdict**: Justify its inclusion in the Top 50.

**Output Format**: 
Plain text, max 3-4 sentences. Professional tone."
HDFCBANK,673508300000.0,7676891400000.0,,15002997500000.0,2371508200000.0,1019413700000.0,386000400000.0,7326106100000.0,1823477000000.0,1195617400000.0,66397300000.0,48187671100000.0,0.0877319040881573,,0.2839999878558294,,0.3250269806448944,0.2038851731985957,0.9543063355044986,,1.77520811547534,1129220100000.0,0.4761611619137559,0.0492140032058947,54.40476190476191,6.857142857142857,0.14285714285714285,4.428571428571429,0.09523809523809525,13.857142857142858,8.666666666666668,3.8095238095238093,15.0,1.1428571428571428,0.16666666666666666,0.23809523809523808,"You are a top-tier equity research analyst for the Indian Stock Market.

**Task**: Write a concise, high-impact investment thesis for **HDFCBANK** (Rank #38 in our Top 50 Fundamental Model).

**Quantitative Profile**:
- **Profitability**: ROE: 8.8%, ROCE: N/A
- **Growth (3Y CAGR)**: Sales: 32.5%, Profit: 20.4%
- **Financial Health**: Debt/Equity: 0.95
- **Cash Flow**: FCF Margin: 47.6%

**Instructions**:
1. **Headline**: Start with a catchy 1-sentence hook about why this company is a winner.
2. **Analysis**: Briefly synthesis the metrics. Is it a ""Growth Machine"" (high CAGR) or a ""Cash Cow"" (high ROCE/FCF)?
3. **Verdict**: Justify its inclusion in the Top 50.

**Output Format**: 
Plain text, max 3-4 sentences. Professional tone."
ABINFRA,161214000.0,1103782000.0,272429000.0,1389783000.0,2081688000.0,643157000.0,8644000.0,858459000.0,53872000.0,-235921000.0,44283000.0,2491414000.0,0.146056014684059,0.1960226884340936,0.0774438820803117,0.1308692753188758,0.4792203718646881,,0.7777432500258203,5.056968369468369,-1.463402682149193,-280204000.0,-0.1346042250327618,0.8355447950440995,53.38095238095239,11.0,7.428571428571429,2.619047619047619,2.4285714285714284,14.714285714285714,3.5714285714285716,0.7142857142857142,4.0,1.3333333333333335,2.5238095238095237,3.047619047619048,"You are a top-tier equity research analyst for the Indian Stock Market.

**Task**: Write a concise, high-impact investment thesis for **ABINFRA** (Rank #39 in our Top 50 Fundamental Model).

**Quantitative Profile**:
- **Profitability**: ROE: 14.6%, ROCE: 19.6%
- **Growth (3Y CAGR)**: Sales: 47.9%, Profit: N/A
- **Financial Health**: Debt/Equity: 0.78
- **Cash Flow**: FCF Margin: -13.5%

**Instructions**:
1. **Headline**: Start with a catchy 1-sentence hook about why this company is a winner.
2. **Analysis**: Briefly synthesis the metrics. Is it a ""Growth Machine"" (high CAGR) or a ""Cash Cow"" (high ROCE/FCF)?
3. **Verdict**: Justify its inclusion in the Top 50.

**Output Format**: 
Plain text, max 3-4 sentences. Professional tone."
21STCENMGM,123377000.0,510134000.0,195569000.0,512069000.0,163247000.0,99744000.0,146578000.0,,442000.0,51478000.0,,570650000.0,0.2418521408100616,0.3819192335407924,0.7557688655840537,1.1979944501277209,0.1784725638564201,,,442.46380090497735,0.4172414631576387,,,0.2860720231315167,53.35714285714285,12.857142857142856,9.428571428571429,4.904761904761904,4.9523809523809526,9.571428571428571,3.5714285714285716,1.6666666666666665,0.3571428571428571,0.04761904761904745,4.904761904761904,1.0952380952380953,"You are a top-tier equity research analyst for the Indian Stock Market.

**Task**: Write a concise, high-impact investment thesis for **21STCENMGM** (Rank #40 in our Top 50 Fundamental Model).

**Quantitative Profile**:
- **Profitability**: ROE: 24.2%, ROCE: 38.2%
- **Growth (3Y CAGR)**: Sales: 17.8%, Profit: N/A
- **Financial Health**: Debt/Equity: N/A
- **Cash Flow**: FCF Margin: N/A

**Instructions**:
1. **Headline**: Start with a catchy 1-sentence hook about why this company is a winner.
2. **Analysis**: Briefly synthesis the metrics. Is it a ""Growth Machine"" (high CAGR) or a ""Cash Cow"" (high ROCE/FCF)?
3. **Verdict**: Justify its inclusion in the Top 50.

**Output Format**: 
Plain text, max 3-4 sentences. Professional tone."
AGARIND,1156865000.0,6270948000.0,1648562000.0,8175792000.0,23989270000.0,15982437000.0,636889000.0,4349399000.0,284228000.0,998397000.0,1648530000.0,13446684000.0,0.1844800817994344,0.201639425269136,0.0482242686000866,0.0687208072609129,0.1449627133710054,,0.6935791845188319,5.80013932476744,0.8630194534366585,-650133000.0,-0.0271009914015724,1.7840286869238542,53.33333333333333,12.0,7.714285714285714,1.9523809523809523,1.619047619047619,8.428571428571429,3.5714285714285716,2.761904761904762,6.142857142857142,1.6190476190476188,2.6666666666666665,4.857142857142857,"You are a top-tier equity research analyst for the Indian Stock Market.

**Task**: Write a concise, high-impact investment thesis for **AGARIND** (Rank #41 in our Top 50 Fundamental Model).

**Quantitative Profile**:
- **Profitability**: ROE: 18.4%, ROCE: 20.2%
- **Growth (3Y CAGR)**: Sales: 14.5%, Profit: N/A
- **Financial Health**: Debt/Equity: 0.69
- **Cash Flow**: FCF Margin: -2.7%

**Instructions**:
1. **Headline**: Start with a catchy 1-sentence hook about why this company is a winner.
2. **Analysis**: Briefly synthesis the metrics. Is it a ""Growth Machine"" (high CAGR) or a ""Cash Cow"" (high ROCE/FCF)?
3. **Verdict**: Justify its inclusion in the Top 50.

**Output Format**: 
Plain text, max 3-4 sentences. Professional tone."
AGIIL,666642000.0,2947980000.0,868082000.0,3932455000.0,3248732000.0,1974548000.0,364208000.0,1374166000.0,126603000.0,-199145000.0,479124000.0,11963768000.0,0.226135184092158,0.2207481077342271,0.2052006752172847,0.2672064054529582,0.1805436880969797,,0.4661381691870365,6.856725354059541,-0.2987285529564594,-678269000.0,-0.2087796100139993,0.2715475592639376,52.04761904761905,12.571428571428571,8.095238095238095,4.0476190476190474,3.761904761904762,9.714285714285715,3.5714285714285716,1.0476190476190477,3.2857142857142856,2.0,2.9523809523809526,1.0,"You are a top-tier equity research analyst for the Indian Stock Market.

**Task**: Write a concise, high-impact investment thesis for **AGIIL** (Rank #42 in our Top 50 Fundamental Model).

**Quantitative Profile**:
- **Profitability**: ROE: 22.6%, ROCE: 22.1%
- **Growth (3Y CAGR)**: Sales: 18.1%, Profit: N/A
- **Financial Health**: Debt/Equity: 0.47
- **Cash Flow**: FCF Margin: -20.9%

**Instructions**:
1. **Headline**: Start with a catchy 1-sentence hook about why this company is a winner.
2. **Analysis**: Briefly synthesis the metrics. Is it a ""Growth Machine"" (high CAGR) or a ""Cash Cow"" (high ROCE/FCF)?
3. **Verdict**: Justify its inclusion in the Top 50.

**Output Format**: 
Plain text, max 3-4 sentences. Professional tone."
20MICRONS,623763000.0,4293638000.0,940218000.0,4952018000.0,9116589000.0,6114427000.0,345854000.0,1648262000.0,113241000.0,317862000.0,766800000.0,7145086000.0,0.1452761038541209,0.1898656264981266,0.0684206560150951,0.1031326519161936,0.1424193152594246,,0.3838847150132358,8.302805520968553,0.5095877761265096,-448938000.0,-0.0492440758270445,1.2759243205750077,51.99999999999999,10.857142857142858,7.333333333333333,2.3333333333333335,2.238095238095238,8.285714285714286,3.5714285714285716,1.9047619047619047,5.571428571428571,2.3333333333333335,3.1904761904761902,4.380952380952381,"You are a top-tier equity research analyst for the Indian Stock Market.

**Task**: Write a concise, high-impact investment thesis for **20MICRONS** (Rank #43 in our Top 50 Fundamental Model).

**Quantitative Profile**:
- **Profitability**: ROE: 14.5%, ROCE: 19.0%
- **Growth (3Y CAGR)**: Sales: 14.2%, Profit: N/A
- **Financial Health**: Debt/Equity: 0.38
- **Cash Flow**: FCF Margin: -4.9%

**Instructions**:
1. **Headline**: Start with a catchy 1-sentence hook about why this company is a winner.
2. **Analysis**: Briefly synthesis the metrics. Is it a ""Growth Machine"" (high CAGR) or a ""Cash Cow"" (high ROCE/FCF)?
3. **Verdict**: Justify its inclusion in the Top 50.

**Output Format**: 
Plain text, max 3-4 sentences. Professional tone."
A2ZINFRA,89731000.0,451660000.0,171251000.0,720086000.0,3362675000.0,3533250000.0,-1799100000.0,916225000.0,70842000.0,542143000.0,33343000.0,4984243000.0,0.1986693530531816,0.23782020480887,0.0266844104767781,0.0509270149508947,-0.0163585020774995,,2.0285723774520656,2.4173654047034243,6.041869587990773,508800000.0,0.1513081103585687,0.6746611270758669,51.9047619047619,12.285714285714285,8.380952380952381,1.4285714285714284,1.380952380952381,2.8571428571428568,3.5714285714285716,4.6190476190476195,12.571428571428571,0.5238095238095236,1.8095238095238095,2.4761904761904763,"You are a top-tier equity research analyst for the Indian Stock Market.

**Task**: Write a concise, high-impact investment thesis for **A2ZINFRA** (Rank #44 in our Top 50 Fundamental Model).

**Quantitative Profile**:
- **Profitability**: ROE: 19.9%, ROCE: 23.8%
- **Growth (3Y CAGR)**: Sales: -1.6%, Profit: N/A
- **Financial Health**: Debt/Equity: 2.03
- **Cash Flow**: FCF Margin: 15.1%

**Instructions**:
1. **Headline**: Start with a catchy 1-sentence hook about why this company is a winner.
2. **Analysis**: Briefly synthesis the metrics. Is it a ""Growth Machine"" (high CAGR) or a ""Cash Cow"" (high ROCE/FCF)?
3. **Verdict**: Justify its inclusion in the Top 50.

**Output Format**: 
Plain text, max 3-4 sentences. Professional tone."
AARTIDRUGS,1681585000.0,13689985000.0,2476440000.0,17377114000.0,23689276000.0,24886458000.0,2050386000.0,6150707000.0,358726000.0,2445838000.0,1771614000.0,25746782000.0,0.122833224433774,0.1425115816124587,0.0709850735835067,0.1045384417826868,-0.0162994833705709,-0.0639600193320264,0.4492851526133885,6.903430473397523,1.4544837162557944,674224000.0,0.0284611484116272,0.9200868675549434,51.76190476190475,9.0,6.095238095238096,2.380952380952381,2.2857142857142856,3.0,7.523809523809524,3.6666666666666665,9.285714285714286,2.0476190476190474,3.0,3.4761904761904763,"You are a top-tier equity research analyst for the Indian Stock Market.

**Task**: Write a concise, high-impact investment thesis for **AARTIDRUGS** (Rank #45 in our Top 50 Fundamental Model).

**Quantitative Profile**:
- **Profitability**: ROE: 12.3%, ROCE: 14.3%
- **Growth (3Y CAGR)**: Sales: -1.6%, Profit: -6.4%
- **Financial Health**: Debt/Equity: 0.45
- **Cash Flow**: FCF Margin: 2.8%

**Instructions**:
1. **Headline**: Start with a catchy 1-sentence hook about why this company is a winner.
2. **Analysis**: Briefly synthesis the metrics. Is it a ""Growth Machine"" (high CAGR) or a ""Cash Cow"" (high ROCE/FCF)?
3. **Verdict**: Justify its inclusion in the Top 50.

**Output Format**: 
Plain text, max 3-4 sentences. Professional tone."
ACC,24021200000.0,185548400000.0,32350000000.0,197444600000.0,206721500000.0,158144000000.0,18629900000.0,4297700000.0,1082200000.0,17114800000.0,19684400000.0,254126100000.0,0.1294605612336188,0.1638434274728202,0.1162007822118163,0.1564907375381854,0.0933964078069191,,0.0231621506841341,29.8928109406764,0.7124873028824539,-2569600000.0,-0.0124302503609929,0.8134603254053795,51.71428571428572,9.428571428571429,6.571428571428571,2.9523809523809526,2.571428571428571,6.428571428571428,3.5714285714285716,2.238095238095238,7.285714285714286,4.0,3.7142857142857144,2.9523809523809526,"You are a top-tier equity research analyst for the Indian Stock Market.

**Task**: Write a concise, high-impact investment thesis for **ACC** (Rank #46 in our Top 50 Fundamental Model).

**Quantitative Profile**:
- **Profitability**: ROE: 12.9%, ROCE: 16.4%
- **Growth (3Y CAGR)**: Sales: 9.3%, Profit: N/A
- **Financial Health**: Debt/Equity: 0.02
- **Cash Flow**: FCF Margin: -1.2%

**Instructions**:
1. **Headline**: Start with a catchy 1-sentence hook about why this company is a winner.
2. **Analysis**: Briefly synthesis the metrics. Is it a ""Growth Machine"" (high CAGR) or a ""Cash Cow"" (high ROCE/FCF)?
3. **Verdict**: Justify its inclusion in the Top 50.

**Output Format**: 
Plain text, max 3-4 sentences. Professional tone."
AEGISLOG,6633779000.0,46308211000.0,11472110000.0,98907675000.0,65691109000.0,46243545000.0,3575229000.0,46060387000.0,1583883000.0,5581942000.0,9448655000.0,112327536000.0,0.1432527592136953,0.1159880666490239,0.100984426979304,0.1746371795915334,0.1241350559725826,0.2288127576573753,0.9946483788803676,7.243028683305522,0.8414422608893061,-3866713000.0,-0.0588620447859998,0.5848175019168942,51.57142857142857,10.571428571428573,5.0476190476190474,2.761904761904762,2.904761904761905,7.7142857142857135,8.761904761904763,2.714285714285714,5.0,1.0952380952380953,3.047619047619048,1.9523809523809523,"You are a top-tier equity research analyst for the Indian Stock Market.

**Task**: Write a concise, high-impact investment thesis for **AEGISLOG** (Rank #47 in our Top 50 Fundamental Model).

**Quantitative Profile**:
- **Profitability**: ROE: 14.3%, ROCE: 11.6%
- **Growth (3Y CAGR)**: Sales: 12.4%, Profit: 22.9%
- **Financial Health**: Debt/Equity: 0.99
- **Cash Flow**: FCF Margin: -5.9%

**Instructions**:
1. **Headline**: Start with a catchy 1-sentence hook about why this company is a winner.
2. **Analysis**: Briefly synthesis the metrics. Is it a ""Growth Machine"" (high CAGR) or a ""Cash Cow"" (high ROCE/FCF)?
3. **Verdict**: Justify its inclusion in the Top 50.

**Output Format**: 
Plain text, max 3-4 sentences. Professional tone."
RELIANCE,696480000000.0,8432000000000.0,1281380000000.0,14963840000000.0,9646930000000.0,6959630000000.0,607050000000.0,3695750000000.0,221210000000.0,1787030000000.0,1399670000000.0,19501210000000.0,0.0825996204933586,0.0856317629699328,0.0721970616558843,0.132827749346165,0.1149814923690808,0.0468747591211113,0.4383005218216318,5.792595271461507,2.5658023202389155,387360000000.0,0.0401537069305986,0.4946836632188464,51.0,6.142857142857142,4.095238095238095,2.4285714285714284,2.4761904761904763,7.285714285714286,8.19047619047619,4.0476190476190474,9.714285714285715,2.1904761904761907,2.619047619047619,1.8095238095238095,"You are a top-tier equity research analyst for the Indian Stock Market.

**Task**: Write a concise, high-impact investment thesis for **RELIANCE** (Rank #48 in our Top 50 Fundamental Model).

**Quantitative Profile**:
- **Profitability**: ROE: 8.3%, ROCE: 8.6%
- **Growth (3Y CAGR)**: Sales: 11.5%, Profit: 4.7%
- **Financial Health**: Debt/Equity: 0.44
- **Cash Flow**: FCF Margin: 4.0%

**Instructions**:
1. **Headline**: Start with a catchy 1-sentence hook about why this company is a winner.
2. **Analysis**: Briefly synthesis the metrics. Is it a ""Growth Machine"" (high CAGR) or a ""Cash Cow"" (high ROCE/FCF)?
3. **Verdict**: Justify its inclusion in the Top 50.

**Output Format**: 
Plain text, max 3-4 sentences. Professional tone."
ADANIGREEN,14440000000.0,121370000000.0,70520000000.0,945100000000.0,112120000000.0,51330000000.0,4890000000.0,800400000000.0,48370000000.0,83640000000.0,247760000000.0,1113980000000.0,0.1189750350168905,0.0746164427044757,0.1287905815198002,0.6289689618266143,0.2974897677610051,0.4346725140947902,6.5947103897173935,1.457928468058714,5.792243767313019,-164120000000.0,-1.463788797716732,0.1006481265372807,50.952380952380956,8.714285714285715,3.8095238095238093,3.1904761904761902,4.666666666666667,13.428571428571429,9.809523809523808,4.571428571428571,1.0,0.1428571428571429,1.1904761904761905,0.4285714285714286,"You are a top-tier equity research analyst for the Indian Stock Market.

**Task**: Write a concise, high-impact investment thesis for **ADANIGREEN** (Rank #49 in our Top 50 Fundamental Model).

**Quantitative Profile**:
- **Profitability**: ROE: 11.9%, ROCE: 7.5%
- **Growth (3Y CAGR)**: Sales: 29.7%, Profit: 43.5%
- **Financial Health**: Debt/Equity: 6.59
- **Cash Flow**: FCF Margin: -146.4%

**Instructions**:
1. **Headline**: Start with a catchy 1-sentence hook about why this company is a winner.
2. **Analysis**: Briefly synthesis the metrics. Is it a ""Growth Machine"" (high CAGR) or a ""Cash Cow"" (high ROCE/FCF)?
3. **Verdict**: Justify its inclusion in the Top 50.

**Output Format**: 
Plain text, max 3-4 sentences. Professional tone."
AARTECH,27642000.0,314556000.0,21568000.0,319872000.0,363522000.0,163364000.0,27975000.0,56375000.0,4219000.0,-15216000.0,4907000.0,428093000.0,0.0878762446114523,0.0674269707883153,0.0760394143958274,0.0593306594924103,0.3055438004565345,-0.0039836770276612,0.1792208700517555,5.112111874851861,-0.5504666811373996,-20123000.0,-0.0553556593548671,0.8491659522580374,50.80952380952381,7.0,3.333333333333333,2.5238095238095237,1.4761904761904763,13.714285714285714,7.809523809523809,0.9047619047619048,5.2857142857142865,3.047619047619048,2.571428571428571,3.142857142857143,"You are a top-tier equity research analyst for the Indian Stock Market.

**Task**: Write a concise, high-impact investment thesis for **AARTECH** (Rank #50 in our Top 50 Fundamental Model).

**Quantitative Profile**:
- **Profitability**: ROE: 8.8%, ROCE: 6.7%
- **Growth (3Y CAGR)**: Sales: 30.6%, Profit: -0.4%
- **Financial Health**: Debt/Equity: 0.18
- **Cash Flow**: FCF Margin: -5.5%

**Instructions**:
1. **Headline**: Start with a catchy 1-sentence hook about why this company is a winner.
2. **Analysis**: Briefly synthesis the metrics. Is it a ""Growth Machine"" (high CAGR) or a ""Cash Cow"" (high ROCE/FCF)?
3. **Verdict**: Justify its inclusion in the Top 50.

**Output Format**: 
Plain text, max 3-4 sentences. Professional tone."
